bank,controller,corrective_resets,disturbance_applied,elapsed_s,encoder_fingerprint,final_nest_distance_m,id,memory_fingerprint,memory_views,method,observations,path_length_m,polyline_mean_m,reached_nest,recovered,recovery_applicable,recovery_path_m,recovery_time_s,rotation_deg,route_deviation_mean_m,scan_bouts,scenario,seed,steps,termination,time_s,trace,training_images_sha256,world
centre,exhaustive,0,False,13.568995957961306,c7cac2da39d2c3d8f4cf347255b2d6cf98322eeece62e6d96d252cf794a5541b,0.14113051041638452,meander-19-linear_colour-aligned-exhaustive,c4d308c821f7a6ac3b63fa4a33ac13597da13eebcb7ba141013c1ba1c65aad8f,77,linear_colour,988,7.6000000000000005,0.012231484057559715,True,False,False,,,18250.0,0.0247998815945038,76,aligned,19,76,arrival,226.78888888888875,meander-19-linear_colour-aligned-exhaustive.json,576ee0618360d1954851bd0f2a29c696019f9826cb83e81ffaacc581901afe29,meander
centre,active,0,False,17.84306158288382,c7cac2da39d2c3d8f4cf347255b2d6cf98322eeece62e6d96d252cf794a5541b,1.8591203250233772,meander-19-linear_colour-aligned-active,c4d308c821f7a6ac3b63fa4a33ac13597da13eebcb7ba141013c1ba1c65aad8f,77,linear_colour,71,5.800000000000001,0.4250969791036214,False,False,False,,,1556.5691690569324,0.42684165891308,3,aligned,19,58,rock_collision,70.1976064947606,meander-19-linear_colour-aligned-active.json,576ee0618360d1954851bd0f2a29c696019f9826cb83e81ffaacc581901afe29,meander
centre,exhaustive,0,False,16.02529595908709,c7cac2da39d2c3d8f4cf347255b2d6cf98322eeece62e6d96d252cf794a5541b,0.1509906243488969,meander-19-linear_colour-left50-exhaustive,c4d308c821f7a6ac3b63fa4a33ac13597da13eebcb7ba141013c1ba1c65aad8f,77,linear_colour,988,7.6000000000000005,0.1302839540565667,True,True,True,2.6,77.51111111111099,18250.0,0.13386772069125205,76,left50,19,76,arrival,226.78888888888864,meander-19-linear_colour-left50-exhaustive.json,576ee0618360d1954851bd0f2a29c696019f9826cb83e81ffaacc581901afe29,meander
centre,active,0,False,38.87763350014575,c7cac2da39d2c3d8f4cf347255b2d6cf98322eeece62e6d96d252cf794a5541b,6.032719447346246,meander-19-linear_colour-left50-active,c4d308c821f7a6ac3b63fa4a33ac13597da13eebcb7ba141013c1ba1c65aad8f,77,linear_colour,150,10.100000000000001,2.7703423181464,False,False,True,,,4770.503720563793,2.770837307726117,12,left50,19,101,field_boundary,135.00279844757645,meander-19-linear_colour-left50-active.json,576ee0618360d1954851bd0f2a29c696019f9826cb83e81ffaacc581901afe29,meander
centre,exhaustive,0,True,17.4120090410579,c7cac2da39d2c3d8f4cf347255b2d6cf98322eeece62e6d96d252cf794a5541b,1.618418456624148,meander-19-linear_colour-kick_right50-exhaustive,c4d308c821f7a6ac3b63fa4a33ac13597da13eebcb7ba141013c1ba1c65aad8f,77,linear_colour,1235,9.4,0.3080341353007711,False,False,True,,,22790.0,0.30994558150498985,95,kick_right50,19,94,field_boundary,282.36111111111086,meander-19-linear_colour-kick_right50-exhaustive.json,576ee0618360d1954851bd0f2a29c696019f9826cb83e81ffaacc581901afe29,meander
centre,active,0,True,18.257689041784033,c7cac2da39d2c3d8f4cf347255b2d6cf98322eeece62e6d96d252cf794a5541b,2.3351418011955536,meander-19-linear_colour-kick_right50-active,c4d308c821f7a6ac3b63fa4a33ac13597da13eebcb7ba141013c1ba1c65aad8f,77,linear_colour,108,9.5,0.506923151159845,False,True,True,2.5,29.579351231564715,1859.0030060467473,0.5088490356256252,3,kick_right50,19,95,rock_collision,110.7277944780373,meander-19-linear_colour-kick_right50-active.json,576ee0618360d1954851bd0f2a29c696019f9826cb83e81ffaacc581901afe29,meander
centre,exhaustive,0,False,9.934960667043924,c7cac2da39d2c3d8f4cf347255b2d6cf98322eeece62e6d96d252cf794a5541b,0.1295787900153813,meander-19-sobel_colour-aligned-exhaustive,19448f7b25b4e26901c4700b2d41c6a5fa1428ab602b3e9b8a6933429dcb67cc,77,sobel_colour,988,7.6000000000000005,0.018025259766860396,True,False,False,,,18250.0,0.02410510611532875,76,aligned,19,76,arrival,226.7888888888887,meander-19-sobel_colour-aligned-exhaustive.json,576ee0618360d1954851bd0f2a29c696019f9826cb83e81ffaacc581901afe29,meander
centre,active,0,False,10.320265125017613,c7cac2da39d2c3d8f4cf347255b2d6cf98322eeece62e6d96d252cf794a5541b,3.503852504329892,meander-19-sobel_colour-aligned-active,19448f7b25b4e26901c4700b2d41c6a5fa1428ab602b3e9b8a6933429dcb67cc,77,sobel_colour,45,4.0,0.1811024806078139,False,False,False,,,487.8040282441498,0.18449033133534454,1,aligned,19,40,rock_collision,44.96002237913414,meander-19-sobel_colour-aligned-active.json,576ee0618360d1954851bd0f2a29c696019f9826cb83e81ffaacc581901afe29,meander
centre,exhaustive,0,False,10.440386374946684,c7cac2da39d2c3d8f4cf347255b2d6cf98322eeece62e6d96d252cf794a5541b,0.16313479605949385,meander-19-sobel_colour-left50-exhaustive,19448f7b25b4e26901c4700b2d41c6a5fa1428ab602b3e9b8a6933429dcb67cc,77,sobel_colour,1001,7.7,0.09126714999471651,True,True,True,1.8,53.81111111111116,18480.0,0.11078325719521691,77,left50,19,77,arrival,229.71666666666647,meander-19-sobel_colour-left50-exhaustive.json,576ee0618360d1954851bd0f2a29c696019f9826cb83e81ffaacc581901afe29,meander
centre,active,0,False,6.552600875031203,c7cac2da39d2c3d8f4cf347255b2d6cf98322eeece62e6d96d252cf794a5541b,6.734427435391253,meander-19-sobel_colour-left50-active,19448f7b25b4e26901c4700b2d41c6a5fa1428ab602b3e9b8a6933429dcb67cc,77,sobel_colour,32,1.9000000000000001,0.8537944768195418,False,False,True,,,1193.0390140391482,0.8543365882321999,3,left50,19,19,rock_collision,27.227994522439737,meander-19-sobel_colour-left50-active.json,576ee0618360d1954851bd0f2a29c696019f9826cb83e81ffaacc581901afe29,meander
centre,exhaustive,0,True,12.52278024982661,c7cac2da39d2c3d8f4cf347255b2d6cf98322eeece62e6d96d252cf794a5541b,1.7426260900265362,meander-19-sobel_colour-kick_right50-exhaustive,19448f7b25b4e26901c4700b2d41c6a5fa1428ab602b3e9b8a6933429dcb67cc,77,sobel_colour,1235,9.4,0.3577975585100253,False,False,True,,,22800.0,0.3592982140758458,95,kick_right50,19,94,field_boundary,282.41666666666623,meander-19-sobel_colour-kick_right50-exhaustive.json,576ee0618360d1954851bd0f2a29c696019f9826cb83e81ffaacc581901afe29,meander
centre,active,0,True,7.450835332972929,c7cac2da39d2c3d8f4cf347255b2d6cf98322eeece62e6d96d252cf794a5541b,1.9020013016867385,meander-19-sobel_colour-kick_right50-active,19448f7b25b4e26901c4700b2d41c6a5fa1428ab602b3e9b8a6933429dcb67cc,77,sobel_colour,63,5.800000000000001,0.2138840458840793,False,True,True,0.5,5.340320845314736,655.274133697601,0.2169278121890596,1,kick_right50,19,58,rock_collision,64.7904118538755,meander-19-sobel_colour-kick_right50-active.json,576ee0618360d1954851bd0f2a29c696019f9826cb83e81ffaacc581901afe29,meander
centre,exhaustive,0,False,10.259608417050913,c7cac2da39d2c3d8f4cf347255b2d6cf98322eeece62e6d96d252cf794a5541b,0.13229339305717427,meander-19-ardin_input-aligned-exhaustive,a3c66594395ff1b89e8c9c38f3fe782dec0fd313eea9d6740e9575a5eba85057,77,ardin_input,988,7.6000000000000005,0.021327169157021174,True,False,False,,,18240.0,0.026448289489519262,76,aligned,19,76,arrival,226.73333333333315,meander-19-ardin_input-aligned-exhaustive.json,576ee0618360d1954851bd0f2a29c696019f9826cb83e81ffaacc581901afe29,meander
centre,active,0,False,17.808951542014256,c7cac2da39d2c3d8f4cf347255b2d6cf98322eeece62e6d96d252cf794a5541b,1.8879256368640889,meander-19-ardin_input-aligned-active,a3c66594395ff1b89e8c9c38f3fe782dec0fd313eea9d6740e9575a5eba85057,77,ardin_input,62,6.1000000000000005,0.5720936685622267,False,False,False,,,433.18508373588486,0.5738312709769806,0,aligned,19,61,rock_collision,66.50658379853259,meander-19-ardin_input-aligned-active.json,576ee0618360d1954851bd0f2a29c696019f9826cb83e81ffaacc581901afe29,meander
centre,exhaustive,0,False,10.981484125135466,c7cac2da39d2c3d8f4cf347255b2d6cf98322eeece62e6d96d252cf794a5541b,0.16284125119719192,meander-19-ardin_input-left50-exhaustive,a3c66594395ff1b89e8c9c38f3fe782dec0fd313eea9d6740e9575a5eba85057,77,ardin_input,988,7.6000000000000005,0.1730280580146908,True,True,True,6.0,179.05555555555515,18250.0,0.17633341235388247,76,left50,19,76,arrival,226.78888888888866,meander-19-ardin_input-left50-exhaustive.json,576ee0618360d1954851bd0f2a29c696019f9826cb83e81ffaacc581901afe29,meander
centre,active,0,False,12.678763374919072,c7cac2da39d2c3d8f4cf347255b2d6cf98322eeece62e6d96d252cf794a5541b,3.2621281114099743,meander-19-ardin_input-left50-active,a3c66594395ff1b89e8c9c38f3fe782dec0fd313eea9d6740e9575a5eba85057,77,ardin_input,43,4.2,0.1956434346971232,False,True,True,1.8,19.547948972183,230.2483196293512,0.20408440865964272,0,left50,19,42,rock_collision,45.42915733127415,meander-19-ardin_input-left50-active.json,576ee0618360d1954851bd0f2a29c696019f9826cb83e81ffaacc581901afe29,meander
centre,exhaustive,0,True,13.871594582917169,c7cac2da39d2c3d8f4cf347255b2d6cf98322eeece62e6d96d252cf794a5541b,1.729415225170422,meander-19-ardin_input-kick_right50-exhaustive,a3c66594395ff1b89e8c9c38f3fe782dec0fd313eea9d6740e9575a5eba85057,77,ardin_input,1248,9.5,0.323528936788927,False,False,True,,,23030.0,0.32558545507285996,96,kick_right50,19,95,field_boundary,285.3444444444439,meander-19-ardin_input-kick_right50-exhaustive.json,576ee0618360d1954851bd0f2a29c696019f9826cb83e81ffaacc581901afe29,meander
centre,active,0,True,3.369508125120774,c7cac2da39d2c3d8f4cf347255b2d6cf98322eeece62e6d96d252cf794a5541b,3.4845419878991333,meander-19-ardin_input-kick_right50-active,a3c66594395ff1b89e8c9c38f3fe782dec0fd313eea9d6740e9575a5eba85057,77,ardin_input,44,4.3,0.1921229898277879,False,True,True,0.30000000000000004,3.1917396203351487,187.93671495845365,0.19484895144027145,0,kick_right50,19,43,rock_collision,46.24409286088027,meander-19-ardin_input-kick_right50-active.json,576ee0618360d1954851bd0f2a29c696019f9826cb83e81ffaacc581901afe29,meander
centre,exhaustive,0,False,15.190850332845002,165e83c4184825f71c1c3492a546c95064d69cb53307b1cb46170837706dd6c4,0.1935507007870136,meander-31-linear_colour-aligned-exhaustive,130f1fe6059f021c16cb7849c6e30ff35d4714e5f416019674b813a11631974c,77,linear_colour,975,7.5,0.039291204286439105,True,False,False,,,18010.0,0.04321730505668041,75,aligned,31,75,arrival,223.80555555555537,meander-31-linear_colour-aligned-exhaustive.json,576ee0618360d1954851bd0f2a29c696019f9826cb83e81ffaacc581901afe29,meander
centre,active,0,False,28.00177500001155,165e83c4184825f71c1c3492a546c95064d69cb53307b1cb46170837706dd6c4,2.239810068398438,meander-31-linear_colour-aligned-active,130f1fe6059f021c16cb7849c6e30ff35d4714e5f416019674b813a11631974c,77,linear_colour,121,9.200000000000001,1.0073018083363012,False,False,False,,,3155.851430254856,1.0081650543290226,7,aligned,31,92,field_boundary,115.58250794586017,meander-31-linear_colour-aligned-active.json,576ee0618360d1954851bd0f2a29c696019f9826cb83e81ffaacc581901afe29,meander
centre,exhaustive,0,False,13.878478582948446,165e83c4184825f71c1c3492a546c95064d69cb53307b1cb46170837706dd6c4,0.13510176202384613,meander-31-linear_colour-left50-exhaustive,130f1fe6059f021c16cb7849c6e30ff35d4714e5f416019674b813a11631974c,77,linear_colour,988,7.6000000000000005,0.1581846146418415,True,True,True,3.3000000000000003,98.33888888888859,18250.0,0.16011495372050352,76,left50,31,76,arrival,226.78888888888864,meander-31-linear_colour-left50-exhaustive.json,576ee0618360d1954851bd0f2a29c696019f9826cb83e81ffaacc581901afe29,meander
centre,active,0,False,11.183893082896248,165e83c4184825f71c1c3492a546c95064d69cb53307b1cb46170837706dd6c4,4.831978628419169,meander-31-linear_colour-left50-active,130f1fe6059f021c16cb7849c6e30ff35d4714e5f416019674b813a11631974c,77,linear_colour,55,3.4000000000000004,0.5520103784972124,False,False,True,,,1862.559170318911,0.5532694648299408,5,left50,31,34,rock_collision,47.09755094621613,meander-31-linear_colour-left50-active.json,576ee0618360d1954851bd0f2a29c696019f9826cb83e81ffaacc581901afe29,meander
centre,exhaustive,0,True,18.370419500162825,165e83c4184825f71c1c3492a546c95064d69cb53307b1cb46170837706dd6c4,1.6251966025914104,meander-31-linear_colour-kick_right50-exhaustive,130f1fe6059f021c16cb7849c6e30ff35d4714e5f416019674b813a11631974c,77,linear_colour,1235,9.4,0.3086115475354356,False,False,True,,,22790.0,0.3106362596659108,95,kick_right50,31,94,field_boundary,282.3611111111105,meander-31-linear_colour-kick_right50-exhaustive.json,576ee0618360d1954851bd0f2a29c696019f9826cb83e81ffaacc581901afe29,meander
centre,active,0,True,18.62309675011784,165e83c4184825f71c1c3492a546c95064d69cb53307b1cb46170837706dd6c4,2.2464729319119443,meander-31-linear_colour-kick_right50-active,130f1fe6059f021c16cb7849c6e30ff35d4714e5f416019674b813a11631974c,77,linear_colour,112,9.9,0.5580568499110816,False,True,True,0.30000000000000004,3.220595446627769,1769.7312953449543,0.5595370081902462,3,kick_right50,31,99,field_boundary,114.43184052969403,meander-31-linear_colour-kick_right50-active.json,576ee0618360d1954851bd0f2a29c696019f9826cb83e81ffaacc581901afe29,meander
centre,exhaustive,0,False,9.430698875105008,165e83c4184825f71c1c3492a546c95064d69cb53307b1cb46170837706dd6c4,0.10631391700579919,meander-31-sobel_colour-aligned-exhaustive,fcfeefa9db1127980765eade7f0980e03795d4905d0427901e8382be70e523cf,77,sobel_colour,988,7.6000000000000005,0.035580369069369296,True,False,False,,,18250.0,0.03814694486777642,76,aligned,31,76,arrival,226.78888888888872,meander-31-sobel_colour-aligned-exhaustive.json,576ee0618360d1954851bd0f2a29c696019f9826cb83e81ffaacc581901afe29,meander
centre,active,0,False,25.282664250116795,165e83c4184825f71c1c3492a546c95064d69cb53307b1cb46170837706dd6c4,2.2837134799663397,meander-31-sobel_colour-aligned-active,fcfeefa9db1127980765eade7f0980e03795d4905d0427901e8382be70e523cf,77,sobel_colour,106,9.3,0.507794472540963,False,False,False,,,1627.4771887083095,0.509630701438463,3,aligned,31,93,rock_collision,107.34153993726822,meander-31-sobel_colour-aligned-active.json,576ee0618360d1954851bd0f2a29c696019f9826cb83e81ffaacc581901afe29,meander
centre,exhaustive,0,False,9.544805249897763,165e83c4184825f71c1c3492a546c95064d69cb53307b1cb46170837706dd6c4,0.15421708454678384,meander-31-sobel_colour-left50-exhaustive,fcfeefa9db1127980765eade7f0980e03795d4905d0427901e8382be70e523cf,77,sobel_colour,1001,7.7,0.17096765249096202,True,True,True,7.300000000000001,217.83888888888862,18490.0,0.17274400320301994,77,left50,31,77,arrival,229.772222222222,meander-31-sobel_colour-left50-exhaustive.json,576ee0618360d1954851bd0f2a29c696019f9826cb83e81ffaacc581901afe29,meander
centre,active,0,False,17.11844041594304,165e83c4184825f71c1c3492a546c95064d69cb53307b1cb46170837706dd6c4,1.8194177243908793,meander-31-sobel_colour-left50-active,fcfeefa9db1127980765eade7f0980e03795d4905d0427901e8382be70e523cf,77,sobel_colour,63,5.800000000000001,0.30448344543069455,False,True,True,1.5,18.79671136562764,908.5365576629376,0.3070973307940975,1,left50,31,58,rock_collision,66.19742532034958,meander-31-sobel_colour-left50-active.json,576ee0618360d1954851bd0f2a29c696019f9826cb83e81ffaacc581901afe29,meander
centre,exhaustive,0,True,11.879921291954815,165e83c4184825f71c1c3492a546c95064d69cb53307b1cb46170837706dd6c4,1.6290586840319279,meander-31-sobel_colour-kick_right50-exhaustive,fcfeefa9db1127980765eade7f0980e03795d4905d0427901e8382be70e523cf,77,sobel_colour,1235,9.4,0.36634706256172905,False,False,True,,,22790.0,0.3677013763617701,95,kick_right50,31,94,field_boundary,282.36111111111074,meander-31-sobel_colour-kick_right50-exhaustive.json,576ee0618360d1954851bd0f2a29c696019f9826cb83e81ffaacc581901afe29,meander
centre,active,0,True,17.05513291596435,165e83c4184825f71c1c3492a546c95064d69cb53307b1cb46170837706dd6c4,1.2927130911900035,meander-31-sobel_colour-kick_right50-active,fcfeefa9db1127980765eade7f0980e03795d4905d0427901e8382be70e523cf,77,sobel_colour,109,9.600000000000001,0.2809928965183887,False,True,True,0.30000000000000004,3.2286662048212165,1579.9960757179235,0.28328885010598165,3,kick_right50,31,96,field_boundary,110.22775597621053,meander-31-sobel_colour-kick_right50-active.json,576ee0618360d1954851bd0f2a29c696019f9826cb83e81ffaacc581901afe29,meander
centre,exhaustive,0,False,9.657375749899074,165e83c4184825f71c1c3492a546c95064d69cb53307b1cb46170837706dd6c4,0.12327695860724952,meander-31-ardin_input-aligned-exhaustive,c33d0f81a8c2187f1b081b04d9c821b9360f7ce82b030b38509e58496a980222,77,ardin_input,988,7.6000000000000005,0.011497796505537713,True,False,False,,,18240.0,0.015733639403596945,76,aligned,31,76,arrival,226.73333333333318,meander-31-ardin_input-aligned-exhaustive.json,576ee0618360d1954851bd0f2a29c696019f9826cb83e81ffaacc581901afe29,meander
centre,active,0,False,11.011654624948278,165e83c4184825f71c1c3492a546c95064d69cb53307b1cb46170837706dd6c4,3.4426253682584687,meander-31-ardin_input-aligned-active,c33d0f81a8c2187f1b081b04d9c821b9360f7ce82b030b38509e58496a980222,77,ardin_input,41,4.0,0.1872425842216048,False,False,False,,,144.40841669848112,0.1891865378494961,0,aligned,31,40,rock_collision,42.852268981658206,meander-31-ardin_input-aligned-active.json,576ee0618360d1954851bd0f2a29c696019f9826cb83e81ffaacc581901afe29,meander
centre,exhaustive,0,False,10.073314124951139,165e83c4184825f71c1c3492a546c95064d69cb53307b1cb46170837706dd6c4,0.17077938638134685,meander-31-ardin_input-left50-exhaustive,c33d0f81a8c2187f1b081b04d9c821b9360f7ce82b030b38509e58496a980222,77,ardin_input,988,7.6000000000000005,0.1116648755883392,True,True,True,3.3000000000000003,98.33888888888859,18250.0,0.11921687304377351,76,left50,31,76,arrival,226.7888888888887,meander-31-ardin_input-left50-exhaustive.json,576ee0618360d1954851bd0f2a29c696019f9826cb83e81ffaacc581901afe29,meander
centre,active,0,False,16.303928500041366,165e83c4184825f71c1c3492a546c95064d69cb53307b1cb46170837706dd6c4,1.8746527789578749,meander-31-ardin_input-left50-active,c33d0f81a8c2187f1b081b04d9c821b9360f7ce82b030b38509e58496a980222,77,ardin_input,57,5.6000000000000005,0.2533130443350252,False,True,True,1.8,19.568447475067096,283.8274563703759,0.25986728179905,0,left50,31,56,rock_collision,60.42681920205757,meander-31-ardin_input-left50-active.json,576ee0618360d1954851bd0f2a29c696019f9826cb83e81ffaacc581901afe29,meander
centre,exhaustive,0,True,12.089703749865294,165e83c4184825f71c1c3492a546c95064d69cb53307b1cb46170837706dd6c4,2.042201945869272,meander-31-ardin_input-kick_right50-exhaustive,c33d0f81a8c2187f1b081b04d9c821b9360f7ce82b030b38509e58496a980222,77,ardin_input,1248,9.5,0.47221327055206824,False,False,True,,,23020.0,0.47310458085064044,96,kick_right50,31,95,field_boundary,285.2888888888883,meander-31-ardin_input-kick_right50-exhaustive.json,576ee0618360d1954851bd0f2a29c696019f9826cb83e81ffaacc581901afe29,meander
centre,active,0,True,14.730010999832302,165e83c4184825f71c1c3492a546c95064d69cb53307b1cb46170837706dd6c4,1.4846434225943774,meander-31-ardin_input-kick_right50-active,c33d0f81a8c2187f1b081b04d9c821b9360f7ce82b030b38509e58496a980222,77,ardin_input,92,9.1,0.3152479178299108,False,True,True,0.9,9.570892078710166,387.79104376797227,0.31766820987258826,0,kick_right50,31,91,field_boundary,97.75439468759964,meander-31-ardin_input-kick_right50-active.json,576ee0618360d1954851bd0f2a29c696019f9826cb83e81ffaacc581901afe29,meander
centre,exhaustive,0,False,14.592348624952137,dc3bf1a9417ab0fa18b2d6a59e0107aeeb47a07dd5e388f13b8feb6a7e8d4c6a,0.12039028415871572,meander-43-linear_colour-aligned-exhaustive,290d6578d60321c7ce1da370cbf21d7826c5d692e9564b9aa933bfd0c69f8ffc,77,linear_colour,988,7.6000000000000005,0.009397643877240108,True,False,False,,,18250.0,0.015501408701765201,76,aligned,43,76,arrival,226.78888888888866,meander-43-linear_colour-aligned-exhaustive.json,576ee0618360d1954851bd0f2a29c696019f9826cb83e81ffaacc581901afe29,meander
centre,active,0,False,11.359043500153348,dc3bf1a9417ab0fa18b2d6a59e0107aeeb47a07dd5e388f13b8feb6a7e8d4c6a,3.4981775791370073,meander-43-linear_colour-aligned-active,290d6578d60321c7ce1da370cbf21d7826c5d692e9564b9aa933bfd0c69f8ffc,77,linear_colour,46,4.1000000000000005,0.18725197440138752,False,False,False,,,617.8282515910391,0.1890414028539321,1,aligned,43,41,rock_collision,46.732379175505734,meander-43-linear_colour-aligned-active.json,576ee0618360d1954851bd0f2a29c696019f9826cb83e81ffaacc581901afe29,meander
centre,exhaustive,0,False,14.289391624974087,dc3bf1a9417ab0fa18b2d6a59e0107aeeb47a07dd5e388f13b8feb6a7e8d4c6a,0.19877963279734726,meander-43-linear_colour-left50-exhaustive,290d6578d60321c7ce1da370cbf21d7826c5d692e9564b9aa933bfd0c69f8ffc,77,linear_colour,988,7.6000000000000005,0.18301239328264138,True,True,True,3.3000000000000003,98.3388888888886,18250.0,0.18539243622109813,76,left50,43,76,arrival,226.7888888888886,meander-43-linear_colour-left50-exhaustive.json,576ee0618360d1954851bd0f2a29c696019f9826cb83e81ffaacc581901afe29,meander
centre,active,0,False,9.892885999986902,dc3bf1a9417ab0fa18b2d6a59e0107aeeb47a07dd5e388f13b8feb6a7e8d4c6a,4.437638441749375,meander-43-linear_colour-left50-active,290d6578d60321c7ce1da370cbf21d7826c5d692e9564b9aa933bfd0c69f8ffc,77,linear_colour,41,3.2,0.4388651874183938,False,False,True,,,1076.8612967960087,0.43973755159549593,2,left50,43,32,rock_collision,40.03256275997783,meander-43-linear_colour-left50-active.json,576ee0618360d1954851bd0f2a29c696019f9826cb83e81ffaacc581901afe29,meander
centre,exhaustive,0,True,14.476940124994144,dc3bf1a9417ab0fa18b2d6a59e0107aeeb47a07dd5e388f13b8feb6a7e8d4c6a,0.14478080264330906,meander-43-linear_colour-kick_right50-exhaustive,290d6578d60321c7ce1da370cbf21d7826c5d692e9564b9aa933bfd0c69f8ffc,77,linear_colour,1014,7.800000000000001,0.10851086838605867,True,False,True,,,18720.0,0.11072754771942647,78,kick_right50,43,78,arrival,232.69999999999987,meander-43-linear_colour-kick_right50-exhaustive.json,576ee0618360d1954851bd0f2a29c696019f9826cb83e81ffaacc581901afe29,meander
centre,active,0,True,4.175720917060971,dc3bf1a9417ab0fa18b2d6a59e0107aeeb47a07dd5e388f13b8feb6a7e8d4c6a,3.1572543128828054,meander-43-linear_colour-kick_right50-active,290d6578d60321c7ce1da370cbf21d7826c5d692e9564b9aa933bfd0c69f8ffc,77,linear_colour,51,4.6000000000000005,0.1460022759759731,False,True,True,0.30000000000000004,3.2056702326982958,581.6791827408883,0.1486002520210893,1,kick_right50,43,46,rock_collision,51.78155101522711,meander-43-linear_colour-kick_right50-active.json,576ee0618360d1954851bd0f2a29c696019f9826cb83e81ffaacc581901afe29,meander
centre,exhaustive,0,False,9.631751166889444,dc3bf1a9417ab0fa18b2d6a59e0107aeeb47a07dd5e388f13b8feb6a7e8d4c6a,0.10728530309205105,meander-43-sobel_colour-aligned-exhaustive,13c81bf1e35ffd7d416f278d937f6a2c6cf9a908c00ae71e9681489d16d54c1d,77,sobel_colour,988,7.6000000000000005,0.027037294312432233,True,False,False,,,18250.0,0.030053489362762087,76,aligned,43,76,arrival,226.7888888888887,meander-43-sobel_colour-aligned-exhaustive.json,576ee0618360d1954851bd0f2a29c696019f9826cb83e81ffaacc581901afe29,meander
centre,active,0,False,12.844204667024314,dc3bf1a9417ab0fa18b2d6a59e0107aeeb47a07dd5e388f13b8feb6a7e8d4c6a,3.1146267048979284,meander-43-sobel_colour-aligned-active,13c81bf1e35ffd7d416f278d937f6a2c6cf9a908c00ae71e9681489d16d54c1d,77,sobel_colour,54,4.5,0.26970465844382047,False,False,False,,,875.4818111394852,0.2713618484608192,2,aligned,43,45,rock_collision,52.563787839663725,meander-43-sobel_colour-aligned-active.json,576ee0618360d1954851bd0f2a29c696019f9826cb83e81ffaacc581901afe29,meander
centre,exhaustive,0,False,10.139267167076468,dc3bf1a9417ab0fa18b2d6a59e0107aeeb47a07dd5e388f13b8feb6a7e8d4c6a,0.1766386383008162,meander-43-sobel_colour-left50-exhaustive,13c81bf1e35ffd7d416f278d937f6a2c6cf9a908c00ae71e9681489d16d54c1d,77,sobel_colour,988,7.6000000000000005,0.13849041118748176,True,True,True,3.3000000000000003,98.3388888888886,18250.0,0.14257841340249117,76,left50,43,76,arrival,226.78888888888875,meander-43-sobel_colour-left50-exhaustive.json,576ee0618360d1954851bd0f2a29c696019f9826cb83e81ffaacc581901afe29,meander
centre,active,0,False,13.211706874892116,dc3bf1a9417ab0fa18b2d6a59e0107aeeb47a07dd5e388f13b8feb6a7e8d4c6a,3.44778056506659,meander-43-sobel_colour-left50-active,13c81bf1e35ffd7d416f278d937f6a2c6cf9a908c00ae71e9681489d16d54c1d,77,sobel_colour,56,4.3,0.3029966121309396,False,True,True,1.4000000000000001,17.553486718037927,1320.8600612072385,0.30565143315850674,3,left50,43,43,rock_collision,53.13811145115127,meander-43-sobel_colour-left50-active.json,576ee0618360d1954851bd0f2a29c696019f9826cb83e81ffaacc581901afe29,meander
centre,exhaustive,0,True,11.827317250194028,dc3bf1a9417ab0fa18b2d6a59e0107aeeb47a07dd5e388f13b8feb6a7e8d4c6a,1.3629177314625742,meander-43-sobel_colour-kick_right50-exhaustive,13c81bf1e35ffd7d416f278d937f6a2c6cf9a908c00ae71e9681489d16d54c1d,77,sobel_colour,1222,9.3,0.2192120178749076,False,False,True,,,22560.0,0.22138958063305697,94,kick_right50,43,93,field_boundary,279.433333333333,meander-43-sobel_colour-kick_right50-exhaustive.json,576ee0618360d1954851bd0f2a29c696019f9826cb83e81ffaacc581901afe29,meander
centre,active,0,True,3.401012249989435,dc3bf1a9417ab0fa18b2d6a59e0107aeeb47a07dd5e388f13b8feb6a7e8d4c6a,3.3676827145122092,meander-43-sobel_colour-kick_right50-active,13c81bf1e35ffd7d416f278d937f6a2c6cf9a908c00ae71e9681489d16d54c1d,77,sobel_colour,49,4.4,0.1637582736380955,False,True,True,0.30000000000000004,3.2113335745066323,549.5543831671143,0.16582042600908042,1,kick_right50,43,44,rock_collision,49.50307990648392,meander-43-sobel_colour-kick_right50-active.json,576ee0618360d1954851bd0f2a29c696019f9826cb83e81ffaacc581901afe29,meander
centre,exhaustive,0,False,9.898705416824669,dc3bf1a9417ab0fa18b2d6a59e0107aeeb47a07dd5e388f13b8feb6a7e8d4c6a,0.1695699061957601,meander-43-ardin_input-aligned-exhaustive,a921cfdfbcb21856e6bc1ee9c812f9026e3e30625df139beb88424f06cbf21bc,77,ardin_input,988,7.6000000000000005,0.0490234515070694,True,False,False,,,18240.0,0.05303639080750324,76,aligned,43,76,arrival,226.73333333333315,meander-43-ardin_input-aligned-exhaustive.json,576ee0618360d1954851bd0f2a29c696019f9826cb83e81ffaacc581901afe29,meander
centre,active,0,False,10.329864541999996,dc3bf1a9417ab0fa18b2d6a59e0107aeeb47a07dd5e388f13b8feb6a7e8d4c6a,3.4662321101170925,meander-43-ardin_input-aligned-active,a921cfdfbcb21856e6bc1ee9c812f9026e3e30625df139beb88424f06cbf21bc,77,ardin_input,41,4.0,0.20686728338724397,False,False,False,,,179.9702567910326,0.2094051446073819,0,aligned,43,40,rock_collision,43.049834759950166,meander-43-ardin_input-aligned-active.json,576ee0618360d1954851bd0f2a29c696019f9826cb83e81ffaacc581901afe29,meander
centre,exhaustive,0,False,10.076166999991983,dc3bf1a9417ab0fa18b2d6a59e0107aeeb47a07dd5e388f13b8feb6a7e8d4c6a,0.13974135634431026,meander-43-ardin_input-left50-exhaustive,a921cfdfbcb21856e6bc1ee9c812f9026e3e30625df139beb88424f06cbf21bc,77,ardin_input,988,7.6000000000000005,0.13580710192110135,True,True,True,2.7,80.49444444444431,18240.0,0.13916105519386124,76,left50,43,76,arrival,226.73333333333315,meander-43-ardin_input-left50-exhaustive.json,576ee0618360d1954851bd0f2a29c696019f9826cb83e81ffaacc581901afe29,meander
centre,active,0,False,24.437093917047605,dc3bf1a9417ab0fa18b2d6a59e0107aeeb47a07dd5e388f13b8feb6a7e8d4c6a,1.896853563659826,meander-43-ardin_input-left50-active,a921cfdfbcb21856e6bc1ee9c812f9026e3e30625df139beb88424f06cbf21bc,77,ardin_input,92,9.1,0.42258820472450626,False,True,True,1.8,19.57715881611256,389.9199953481575,0.4268202306807321,0,left50,43,91,field_boundary,97.76622219637848,meander-43-ardin_input-left50-active.json,576ee0618360d1954851bd0f2a29c696019f9826cb83e81ffaacc581901afe29,meander
centre,exhaustive,0,True,8.86919445800595,dc3bf1a9417ab0fa18b2d6a59e0107aeeb47a07dd5e388f13b8feb6a7e8d4c6a,1.6763156685378056,meander-43-ardin_input-kick_right50-exhaustive,a921cfdfbcb21856e6bc1ee9c812f9026e3e30625df139beb88424f06cbf21bc,77,ardin_input,845,6.4,0.17120723565460255,False,False,True,,,15580.0,0.1746192650152077,65,kick_right50,43,64,rock_collision,192.8055555555552,meander-43-ardin_input-kick_right50-exhaustive.json,576ee0618360d1954851bd0f2a29c696019f9826cb83e81ffaacc581901afe29,meander
centre,active,0,True,7.37658075010404,dc3bf1a9417ab0fa18b2d6a59e0107aeeb47a07dd5e388f13b8feb6a7e8d4c6a,1.8841021477040178,meander-43-ardin_input-kick_right50-active,a921cfdfbcb21856e6bc1ee9c812f9026e3e30625df139beb88424f06cbf21bc,77,ardin_input,59,5.800000000000001,0.23974176302303002,False,True,True,0.7000000000000001,7.440498581947807,254.1255488122485,0.24239419705077903,0,kick_right50,43,58,rock_collision,62.361808604512426,meander-43-ardin_input-kick_right50-active.json,576ee0618360d1954851bd0f2a29c696019f9826cb83e81ffaacc581901afe29,meander
centre,exhaustive,0,False,14.88997345790267,c7cac2da39d2c3d8f4cf347255b2d6cf98322eeece62e6d96d252cf794a5541b,0.15061512666379348,bend-19-linear_colour-aligned-exhaustive,91aed69733c4698e4d04b9ecdf4c14905c09961c8e237cf500d33f93c1666a08,77,linear_colour,988,7.6000000000000005,0.019483327605286104,True,False,False,,,18340.0,0.03393334732128921,76,aligned,19,76,arrival,227.28888888888875,bend-19-linear_colour-aligned-exhaustive.json,6ab608704da722556cf5151cad7bb20a95a5d1d7fd5971e8f82580748ff92647,bend
centre,active,0,False,20.09728975011967,c7cac2da39d2c3d8f4cf347255b2d6cf98322eeece62e6d96d252cf794a5541b,0.18476729778487663,bend-19-linear_colour-aligned-active,91aed69733c4698e4d04b9ecdf4c14905c09961c8e237cf500d33f93c1666a08,77,linear_colour,87,7.9,0.16700624197780184,True,False,False,,,869.8398311003115,0.16871438878295175,2,aligned,19,79,arrival,88.18244350611265,bend-19-linear_colour-aligned-active.json,6ab608704da722556cf5151cad7bb20a95a5d1d7fd5971e8f82580748ff92647,bend
centre,exhaustive,0,False,3.1013358749914914,c7cac2da39d2c3d8f4cf347255b2d6cf98322eeece62e6d96d252cf794a5541b,4.845814246141675,bend-19-linear_colour-left50-exhaustive,91aed69733c4698e4d04b9ecdf4c14905c09961c8e237cf500d33f93c1666a08,77,linear_colour,208,1.5,0.4546780365124408,False,False,True,,,3870.0,0.4551535713067231,16,left50,19,15,rock_collision,46.90000000000007,bend-19-linear_colour-left50-exhaustive.json,6ab608704da722556cf5151cad7bb20a95a5d1d7fd5971e8f82580748ff92647,bend
centre,active,0,False,4.880004624836147,c7cac2da39d2c3d8f4cf347255b2d6cf98322eeece62e6d96d252cf794a5541b,4.5756085167989005,bend-19-linear_colour-left50-active,91aed69733c4698e4d04b9ecdf4c14905c09961c8e237cf500d33f93c1666a08,77,linear_colour,22,1.7000000000000002,0.5664931552904415,False,False,True,,,517.9122113547093,0.5671344878471931,1,left50,19,17,rock_collision,20.97729006308173,bend-19-linear_colour-left50-active.json,6ab608704da722556cf5151cad7bb20a95a5d1d7fd5971e8f82580748ff92647,bend
centre,exhaustive,0,True,22.73214608291164,c7cac2da39d2c3d8f4cf347255b2d6cf98322eeece62e6d96d252cf794a5541b,4.84810806699401,bend-19-linear_colour-kick_right50-exhaustive,91aed69733c4698e4d04b9ecdf4c14905c09961c8e237cf500d33f93c1666a08,77,linear_colour,1508,11.5,1.878643286957203,False,False,True,,,27850.0,1.8794768867041658,116,kick_right50,19,115,field_boundary,345.12222222222124,bend-19-linear_colour-kick_right50-exhaustive.json,6ab608704da722556cf5151cad7bb20a95a5d1d7fd5971e8f82580748ff92647,bend
centre,active,0,True,2.6130315840709955,c7cac2da39d2c3d8f4cf347255b2d6cf98322eeece62e6d96d252cf794a5541b,4.626418621073687,bend-19-linear_colour-kick_right50-active,91aed69733c4698e4d04b9ecdf4c14905c09961c8e237cf500d33f93c1666a08,77,linear_colour,46,4.1000000000000005,0.21712484999002318,False,False,True,,,575.9338291386985,0.21842754878022003,1,kick_right50,19,41,rock_collision,46.499632384103855,bend-19-linear_colour-kick_right50-active.json,6ab608704da722556cf5151cad7bb20a95a5d1d7fd5971e8f82580748ff92647,bend
centre,exhaustive,0,False,9.299319958081469,c7cac2da39d2c3d8f4cf347255b2d6cf98322eeece62e6d96d252cf794a5541b,0.15775055792597542,bend-19-sobel_colour-aligned-exhaustive,8cd561cbf9b6212f5c67b2b884d709563412d44a86be6cd4a08b9b915f3f0ba4,77,sobel_colour,988,7.6000000000000005,0.021200979279028795,True,False,False,,,18330.0,0.03905629173725675,76,aligned,19,76,arrival,227.23333333333323,bend-19-sobel_colour-aligned-exhaustive.json,6ab608704da722556cf5151cad7bb20a95a5d1d7fd5971e8f82580748ff92647,bend
centre,active,0,False,18.29025729210116,c7cac2da39d2c3d8f4cf347255b2d6cf98322eeece62e6d96d252cf794a5541b,0.3698493037486193,bend-19-sobel_colour-aligned-active,8cd561cbf9b6212f5c67b2b884d709563412d44a86be6cd4a08b9b915f3f0ba4,77,sobel_colour,84,8.3,0.2274816066396284,False,False,False,,,648.1944316774877,0.22924037006212264,0,aligned,19,83,rock_collision,90.8010801759859,bend-19-sobel_colour-aligned-active.json,6ab608704da722556cf5151cad7bb20a95a5d1d7fd5971e8f82580748ff92647,bend
centre,exhaustive,0,False,2.2437415001913905,c7cac2da39d2c3d8f4cf347255b2d6cf98322eeece62e6d96d252cf794a5541b,4.618799514395953,bend-19-sobel_colour-left50-exhaustive,8cd561cbf9b6212f5c67b2b884d709563412d44a86be6cd4a08b9b915f3f0ba4,77,sobel_colour,234,1.7000000000000002,0.48070346420077686,False,False,True,,,4360.0,0.48098249059300935,18,left50,19,17,rock_collision,52.922222222222274,bend-19-sobel_colour-left50-exhaustive.json,6ab608704da722556cf5151cad7bb20a95a5d1d7fd5971e8f82580748ff92647,bend
centre,active,0,False,5.141674082959071,c7cac2da39d2c3d8f4cf347255b2d6cf98322eeece62e6d96d252cf794a5541b,4.399414489794463,bend-19-sobel_colour-left50-active,8cd561cbf9b6212f5c67b2b884d709563412d44a86be6cd4a08b9b915f3f0ba4,77,sobel_colour,28,1.9000000000000001,0.5786323322819729,False,False,True,,,772.3769004407131,0.5790981321843829,2,left50,19,19,rock_collision,24.690982780226204,bend-19-sobel_colour-left50-active.json,6ab608704da722556cf5151cad7bb20a95a5d1d7fd5971e8f82580748ff92647,bend
centre,exhaustive,0,True,5.53759270790033,c7cac2da39d2c3d8f4cf347255b2d6cf98322eeece62e6d96d252cf794a5541b,4.634352351204428,bend-19-sobel_colour-kick_right50-exhaustive,8cd561cbf9b6212f5c67b2b884d709563412d44a86be6cd4a08b9b915f3f0ba4,77,sobel_colour,559,4.2,0.16876397748080213,False,False,True,,,10330.0,0.17052010289539923,43,kick_right50,19,42,rock_collision,127.33888888888833,bend-19-sobel_colour-kick_right50-exhaustive.json,6ab608704da722556cf5151cad7bb20a95a5d1d7fd5971e8f82580748ff92647,bend
centre,active,0,True,2.721333749825135,c7cac2da39d2c3d8f4cf347255b2d6cf98322eeece62e6d96d252cf794a5541b,4.628743418837078,bend-19-sobel_colour-kick_right50-active,8cd561cbf9b6212f5c67b2b884d709563412d44a86be6cd4a08b9b915f3f0ba4,77,sobel_colour,47,4.2,0.23591919009747087,False,False,True,,,679.7751352927976,0.23713729118607876,1,kick_right50,19,42,rock_collision,48.12652852940439,bend-19-sobel_colour-kick_right50-active.json,6ab608704da722556cf5151cad7bb20a95a5d1d7fd5971e8f82580748ff92647,bend
centre,exhaustive,0,False,9.692057833075523,c7cac2da39d2c3d8f4cf347255b2d6cf98322eeece62e6d96d252cf794a5541b,0.15561205738308165,bend-19-ardin_input-aligned-exhaustive,11ed271b4bdb7ccf56205aa9f7dcaa798a1f8a2c7f041e8b0d062c3e233634e2,77,ardin_input,988,7.6000000000000005,0.03183405873054286,True,False,False,,,18330.0,0.03795660908819789,76,aligned,19,76,arrival,227.23333333333326,bend-19-ardin_input-aligned-exhaustive.json,6ab608704da722556cf5151cad7bb20a95a5d1d7fd5971e8f82580748ff92647,bend
centre,active,0,False,5.646018041996285,c7cac2da39d2c3d8f4cf347255b2d6cf98322eeece62e6d96d252cf794a5541b,4.994321002191318,bend-19-ardin_input-aligned-active,11ed271b4bdb7ccf56205aa9f7dcaa798a1f8a2c7f041e8b0d062c3e233634e2,77,ardin_input,33,3.2,0.13607868042638901,False,False,False,,,246.62486529363014,0.13706991346377817,0,aligned,19,32,rock_collision,35.02013814052017,bend-19-ardin_input-aligned-active.json,6ab608704da722556cf5151cad7bb20a95a5d1d7fd5971e8f82580748ff92647,bend
centre,exhaustive,0,False,1.2862343748565763,c7cac2da39d2c3d8f4cf347255b2d6cf98322eeece62e6d96d252cf794a5541b,4.868933292247423,bend-19-ardin_input-left50-exhaustive,11ed271b4bdb7ccf56205aa9f7dcaa798a1f8a2c7f041e8b0d062c3e233634e2,77,ardin_input,130,0.9,0.7999627148789599,False,False,True,,,2400.0,0.8007021691746927,10,left50,19,9,rock_collision,28.833333333333467,bend-19-ardin_input-left50-exhaustive.json,6ab608704da722556cf5151cad7bb20a95a5d1d7fd5971e8f82580748ff92647,bend
centre,active,0,False,4.913318625185639,c7cac2da39d2c3d8f4cf347255b2d6cf98322eeece62e6d96d252cf794a5541b,4.243923503620356,bend-19-ardin_input-left50-active,11ed271b4bdb7ccf56205aa9f7dcaa798a1f8a2c7f041e8b0d062c3e233634e2,77,ardin_input,28,1.9000000000000001,0.7241236996256671,False,False,True,,,878.8985818666823,0.7244318214162374,2,left50,19,19,rock_collision,25.28276989925936,bend-19-ardin_input-left50-active.json,6ab608704da722556cf5151cad7bb20a95a5d1d7fd5971e8f82580748ff92647,bend
centre,exhaustive,0,True,4.625311250099912,c7cac2da39d2c3d8f4cf347255b2d6cf98322eeece62e6d96d252cf794a5541b,4.259172579641441,bend-19-ardin_input-kick_right50-exhaustive,11ed271b4bdb7ccf56205aa9f7dcaa798a1f8a2c7f041e8b0d062c3e233634e2,77,ardin_input,481,3.6,0.029430465686934318,False,False,True,,,8880.0,0.032373115049252714,37,kick_right50,19,36,rock_collision,109.38333333333293,bend-19-ardin_input-kick_right50-exhaustive.json,6ab608704da722556cf5151cad7bb20a95a5d1d7fd5971e8f82580748ff92647,bend
centre,active,0,False,0.3670413338113576,c7cac2da39d2c3d8f4cf347255b2d6cf98322eeece62e6d96d252cf794a5541b,4.994321002191318,bend-19-ardin_input-kick_right50-active,11ed271b4bdb7ccf56205aa9f7dcaa798a1f8a2c7f041e8b0d062c3e233634e2,77,ardin_input,33,3.2,0.13607868042638901,False,False,False,,,246.62486529363014,0.13706991346377817,0,kick_right50,19,32,rock_collision,35.02013814052017,bend-19-ardin_input-kick_right50-active.json,6ab608704da722556cf5151cad7bb20a95a5d1d7fd5971e8f82580748ff92647,bend
centre,exhaustive,0,False,13.264532041037455,165e83c4184825f71c1c3492a546c95064d69cb53307b1cb46170837706dd6c4,0.19968362103514545,bend-31-linear_colour-aligned-exhaustive,ae6ccd9537678f86de206b48cc1d57bd5943949c20c58857fe524e2006035d5b,77,linear_colour,975,7.5,0.04223332132307129,True,False,False,,,18090.0,0.0477688208771273,75,aligned,31,75,arrival,224.24999999999983,bend-31-linear_colour-aligned-exhaustive.json,6ab608704da722556cf5151cad7bb20a95a5d1d7fd5971e8f82580748ff92647,bend
centre,active,0,False,19.837420416995883,165e83c4184825f71c1c3492a546c95064d69cb53307b1cb46170837706dd6c4,7.503893697084024,bend-31-linear_colour-aligned-active,ae6ccd9537678f86de206b48cc1d57bd5943949c20c58857fe524e2006035d5b,77,linear_colour,118,8.5,1.5251874773679563,False,False,False,,,3016.960382984832,1.5256855791247677,8,aligned,31,85,rock_collision,107.6608910165822,bend-31-linear_colour-aligned-active.json,6ab608704da722556cf5151cad7bb20a95a5d1d7fd5971e8f82580748ff92647,bend
centre,exhaustive,0,False,3.263167457887903,165e83c4184825f71c1c3492a546c95064d69cb53307b1cb46170837706dd6c4,4.572636436907611,bend-31-linear_colour-left50-exhaustive,ae6ccd9537678f86de206b48cc1d57bd5943949c20c58857fe524e2006035d5b,77,linear_colour,234,1.7000000000000002,0.5332366306052555,False,False,True,,,4360.0,0.5338827566718947,18,left50,31,17,rock_collision,52.92222222222227,bend-31-linear_colour-left50-exhaustive.json,6ab608704da722556cf5151cad7bb20a95a5d1d7fd5971e8f82580748ff92647,bend
centre,active,0,False,18.69213974988088,165e83c4184825f71c1c3492a546c95064d69cb53307b1cb46170837706dd6c4,0.13921628900446315,bend-31-linear_colour-left50-active,ae6ccd9537678f86de206b48cc1d57bd5943949c20c58857fe524e2006035d5b,77,linear_colour,81,7.7,0.19768797572085375,True,True,True,2.6,30.72484544502412,884.1639669796825,0.20139885489151507,1,left50,31,77,arrival,85.96202203877587,bend-31-linear_colour-left50-active.json,6ab608704da722556cf5151cad7bb20a95a5d1d7fd5971e8f82580748ff92647,bend
centre,exhaustive,0,True,16.51099458290264,165e83c4184825f71c1c3492a546c95064d69cb53307b1cb46170837706dd6c4,6.148266233125961,bend-31-linear_colour-kick_right50-exhaustive,ae6ccd9537678f86de206b48cc1d57bd5943949c20c58857fe524e2006035d5b,77,linear_colour,1131,8.6,1.5807743957374552,False,False,True,,,20920.0,1.5812026422033134,87,kick_right50,31,86,field_boundary,258.77222222222196,bend-31-linear_colour-kick_right50-exhaustive.json,6ab608704da722556cf5151cad7bb20a95a5d1d7fd5971e8f82580748ff92647,bend
centre,active,0,True,2.269058834062889,165e83c4184825f71c1c3492a546c95064d69cb53307b1cb46170837706dd6c4,4.77666285141923,bend-31-linear_colour-kick_right50-active,ae6ccd9537678f86de206b48cc1d57bd5943949c20c58857fe524e2006035d5b,77,linear_colour,45,4.0,0.2519755426112677,False,False,True,,,669.6136371950397,0.2527998102708818,1,kick_right50,31,40,rock_collision,45.97007576219463,bend-31-linear_colour-kick_right50-active.json,6ab608704da722556cf5151cad7bb20a95a5d1d7fd5971e8f82580748ff92647,bend
centre,exhaustive,0,False,9.784979291027412,165e83c4184825f71c1c3492a546c95064d69cb53307b1cb46170837706dd6c4,0.18258104639270487,bend-31-sobel_colour-aligned-exhaustive,68a9beec57a2110f708b6e54f14392ab4dd513b92069bcd20fb247b93fa4d57d,77,sobel_colour,988,7.6000000000000005,0.03796102399617076,True,False,False,,,18330.0,0.042946668615565155,76,aligned,31,76,arrival,227.2333333333331,bend-31-sobel_colour-aligned-exhaustive.json,6ab608704da722556cf5151cad7bb20a95a5d1d7fd5971e8f82580748ff92647,bend
centre,active,0,False,17.605267375009134,165e83c4184825f71c1c3492a546c95064d69cb53307b1cb46170837706dd6c4,0.16189002600284916,bend-31-sobel_colour-aligned-active,68a9beec57a2110f708b6e54f14392ab4dd513b92069bcd20fb247b93fa4d57d,77,sobel_colour,89,8.1,0.2082922610268786,True,False,False,,,990.1042958446859,0.2091710670520196,2,aligned,31,81,arrival,90.95057942135918,bend-31-sobel_colour-aligned-active.json,6ab608704da722556cf5151cad7bb20a95a5d1d7fd5971e8f82580748ff92647,bend
centre,exhaustive,0,False,2.5449891248717904,165e83c4184825f71c1c3492a546c95064d69cb53307b1cb46170837706dd6c4,4.361507259378195,bend-31-sobel_colour-left50-exhaustive,68a9beec57a2110f708b6e54f14392ab4dd513b92069bcd20fb247b93fa4d57d,77,sobel_colour,247,1.8,0.622812956026863,False,False,True,,,4610.0,0.6232653949942651,19,left50,31,18,rock_collision,55.961111111111144,bend-31-sobel_colour-left50-exhaustive.json,6ab608704da722556cf5151cad7bb20a95a5d1d7fd5971e8f82580748ff92647,bend
centre,active,0,False,18.61490087513812,165e83c4184825f71c1c3492a546c95064d69cb53307b1cb46170837706dd6c4,0.1606085547505005,bend-31-sobel_colour-left50-active,68a9beec57a2110f708b6e54f14392ab4dd513b92069bcd20fb247b93fa4d57d,77,sobel_colour,84,7.6000000000000005,0.2026592613512632,True,True,True,2.8000000000000003,35.27659499926724,1234.6390341895226,0.2066023135322847,2,left50,31,76,arrival,87.05910574549722,bend-31-sobel_colour-left50-active.json,6ab608704da722556cf5151cad7bb20a95a5d1d7fd5971e8f82580748ff92647,bend
centre,exhaustive,0,True,8.958349999971688,165e83c4184825f71c1c3492a546c95064d69cb53307b1cb46170837706dd6c4,3.5435924958867933,bend-31-sobel_colour-kick_right50-exhaustive,68a9beec57a2110f708b6e54f14392ab4dd513b92069bcd20fb247b93fa4d57d,77,sobel_colour,936,7.1000000000000005,0.828925362433764,False,False,True,,,17280.0,0.8306376594784757,72,kick_right50,31,71,rock_collision,213.79999999999964,bend-31-sobel_colour-kick_right50-exhaustive.json,6ab608704da722556cf5151cad7bb20a95a5d1d7fd5971e8f82580748ff92647,bend
centre,active,0,True,19.97212625015527,165e83c4184825f71c1c3492a546c95064d69cb53307b1cb46170837706dd6c4,5.135477109968529,bend-31-sobel_colour-kick_right50-active,68a9beec57a2110f708b6e54f14392ab4dd513b92069bcd20fb247b93fa4d57d,77,sobel_colour,147,10.600000000000001,1.7312024552979708,False,False,True,,,4301.320332817644,1.7317666368995417,10,kick_right50,31,106,field_boundary,137.24622407120907,bend-31-sobel_colour-kick_right50-active.json,6ab608704da722556cf5151cad7bb20a95a5d1d7fd5971e8f82580748ff92647,bend
centre,exhaustive,0,False,9.679053667001426,165e83c4184825f71c1c3492a546c95064d69cb53307b1cb46170837706dd6c4,0.16800025858800582,bend-31-ardin_input-aligned-exhaustive,ce55d54ff3f1b369f02c3b23ed57dea74b1f7949f565b455a68883f799c2290f,77,ardin_input,988,7.6000000000000005,0.0211131516095445,True,False,False,,,18340.0,0.03637483831988481,76,aligned,31,76,arrival,227.28888888888875,bend-31-ardin_input-aligned-exhaustive.json,6ab608704da722556cf5151cad7bb20a95a5d1d7fd5971e8f82580748ff92647,bend
centre,active,0,False,17.702620458090678,165e83c4184825f71c1c3492a546c95064d69cb53307b1cb46170837706dd6c4,1.940865593276064,bend-31-ardin_input-aligned-active,ce55d54ff3f1b369f02c3b23ed57dea74b1f7949f565b455a68883f799c2290f,77,ardin_input,85,7.6000000000000005,0.3939774726183102,False,False,False,,,1242.6092494333705,0.39513353202611334,2,aligned,31,76,rock_collision,87.15338471907414,bend-31-ardin_input-aligned-active.json,6ab608704da722556cf5151cad7bb20a95a5d1d7fd5971e8f82580748ff92647,bend
centre,exhaustive,0,False,2.444851916981861,165e83c4184825f71c1c3492a546c95064d69cb53307b1cb46170837706dd6c4,4.634498194508081,bend-31-ardin_input-left50-exhaustive,ce55d54ff3f1b369f02c3b23ed57dea74b1f7949f565b455a68883f799c2290f,77,ardin_input,234,1.7000000000000002,0.6179374321989508,False,False,True,,,4310.0,0.618474875331269,18,left50,31,17,rock_collision,52.644444444444495,bend-31-ardin_input-left50-exhaustive.json,6ab608704da722556cf5151cad7bb20a95a5d1d7fd5971e8f82580748ff92647,bend
centre,active,0,False,4.804108707932755,165e83c4184825f71c1c3492a546c95064d69cb53307b1cb46170837706dd6c4,4.368950258275959,bend-31-ardin_input-left50-active,ce55d54ff3f1b369f02c3b23ed57dea74b1f7949f565b455a68883f799c2290f,77,ardin_input,27,1.8,0.6440984153015001,False,False,True,,,790.5550376190912,0.6446492639672594,2,left50,31,18,rock_collision,23.741972431217185,bend-31-ardin_input-left50-active.json,6ab608704da722556cf5151cad7bb20a95a5d1d7fd5971e8f82580748ff92647,bend
centre,exhaustive,0,True,5.065703833010048,165e83c4184825f71c1c3492a546c95064d69cb53307b1cb46170837706dd6c4,4.321250466135689,bend-31-ardin_input-kick_right50-exhaustive,ce55d54ff3f1b369f02c3b23ed57dea74b1f7949f565b455a68883f799c2290f,77,ardin_input,481,3.6,0.04048984528630614,False,False,True,,,8880.0,0.04377929505194841,37,kick_right50,31,36,rock_collision,109.38333333333294,bend-31-ardin_input-kick_right50-exhaustive.json,6ab608704da722556cf5151cad7bb20a95a5d1d7fd5971e8f82580748ff92647,bend
centre,active,0,True,16.4026223749388,165e83c4184825f71c1c3492a546c95064d69cb53307b1cb46170837706dd6c4,6.221653006248557,bend-31-ardin_input-kick_right50-active,ce55d54ff3f1b369f02c3b23ed57dea74b1f7949f565b455a68883f799c2290f,77,ardin_input,107,8.200000000000001,1.610478861134811,False,False,True,,,2661.543258675843,1.6111536017031611,6,kick_right50,31,82,field_boundary,102.13635143708785,bend-31-ardin_input-kick_right50-active.json,6ab608704da722556cf5151cad7bb20a95a5d1d7fd5971e8f82580748ff92647,bend
centre,exhaustive,0,False,15.039814583025873,dc3bf1a9417ab0fa18b2d6a59e0107aeeb47a07dd5e388f13b8feb6a7e8d4c6a,0.1384476910543559,bend-43-linear_colour-aligned-exhaustive,0092d3786e64ae48454620cbb0c7df733ead119a7abd00b732ad1f1ebdd0869b,77,linear_colour,988,7.6000000000000005,0.014551629926747224,True,False,False,,,18340.0,0.020787209533520066,76,aligned,43,76,arrival,227.2888888888887,bend-43-linear_colour-aligned-exhaustive.json,6ab608704da722556cf5151cad7bb20a95a5d1d7fd5971e8f82580748ff92647,bend
centre,active,0,False,10.110090458067134,dc3bf1a9417ab0fa18b2d6a59e0107aeeb47a07dd5e388f13b8feb6a7e8d4c6a,3.7212047654125517,bend-43-linear_colour-aligned-active,0092d3786e64ae48454620cbb0c7df733ead119a7abd00b732ad1f1ebdd0869b,77,linear_colour,58,4.9,0.20115967960692724,False,False,False,,,1024.182468984388,0.20228851938280445,2,aligned,43,49,rock_collision,57.58990260546874,bend-43-linear_colour-aligned-active.json,6ab608704da722556cf5151cad7bb20a95a5d1d7fd5971e8f82580748ff92647,bend
centre,exhaustive,0,False,4.188288792036474,dc3bf1a9417ab0fa18b2d6a59e0107aeeb47a07dd5e388f13b8feb6a7e8d4c6a,4.375258651657351,bend-43-linear_colour-left50-exhaustive,0092d3786e64ae48454620cbb0c7df733ead119a7abd00b732ad1f1ebdd0869b,77,linear_colour,247,1.8,0.6115300438021146,False,False,True,,,4620.0,0.6121711251886648,19,left50,43,18,rock_collision,56.016666666666694,bend-43-linear_colour-left50-exhaustive.json,6ab608704da722556cf5151cad7bb20a95a5d1d7fd5971e8f82580748ff92647,bend
centre,active,0,False,4.8166981670074165,dc3bf1a9417ab0fa18b2d6a59e0107aeeb47a07dd5e388f13b8feb6a7e8d4c6a,4.605806186149294,bend-43-linear_colour-left50-active,0092d3786e64ae48454620cbb0c7df733ead119a7abd00b732ad1f1ebdd0869b,77,linear_colour,26,1.7000000000000002,0.5544744175245189,False,False,True,,,755.4422612584863,0.5551099102087317,2,left50,43,17,rock_collision,22.49690145143605,bend-43-linear_colour-left50-active.json,6ab608704da722556cf5151cad7bb20a95a5d1d7fd5971e8f82580748ff92647,bend
centre,exhaustive,0,True,6.974788958905265,dc3bf1a9417ab0fa18b2d6a59e0107aeeb47a07dd5e388f13b8feb6a7e8d4c6a,4.285672502844801,bend-43-linear_colour-kick_right50-exhaustive,0092d3786e64ae48454620cbb0c7df733ead119a7abd00b732ad1f1ebdd0869b,77,linear_colour,481,3.6,0.021703180833956365,False,False,True,,,8890.0,0.023080747356832066,37,kick_right50,43,36,rock_collision,109.43888888888848,bend-43-linear_colour-kick_right50-exhaustive.json,6ab608704da722556cf5151cad7bb20a95a5d1d7fd5971e8f82580748ff92647,bend
centre,active,0,True,21.99231595895253,dc3bf1a9417ab0fa18b2d6a59e0107aeeb47a07dd5e388f13b8feb6a7e8d4c6a,4.900905632076433,bend-43-linear_colour-kick_right50-active,0092d3786e64ae48454620cbb0c7df733ead119a7abd00b732ad1f1ebdd0869b,77,linear_colour,142,10.9,1.842886156468461,False,False,True,,,3348.8970851895515,1.8433654107395703,8,kick_right50,43,109,field_boundary,134.7049838066084,bend-43-linear_colour-kick_right50-active.json,6ab608704da722556cf5151cad7bb20a95a5d1d7fd5971e8f82580748ff92647,bend
centre,exhaustive,0,False,9.597334834048524,dc3bf1a9417ab0fa18b2d6a59e0107aeeb47a07dd5e388f13b8feb6a7e8d4c6a,0.11873642741664452,bend-43-sobel_colour-aligned-exhaustive,f051f6fe29511bc2abc06f09ab7ca071da6a23f18818a7020b6829ea2c2d785e,77,sobel_colour,988,7.6000000000000005,0.019346823638687064,True,False,False,,,18340.0,0.020277993402971255,76,aligned,43,76,arrival,227.28888888888878,bend-43-sobel_colour-aligned-exhaustive.json,6ab608704da722556cf5151cad7bb20a95a5d1d7fd5971e8f82580748ff92647,bend
centre,active,0,False,17.314504416892305,dc3bf1a9417ab0fa18b2d6a59e0107aeeb47a07dd5e388f13b8feb6a7e8d4c6a,0.17326372673033166,bend-43-sobel_colour-aligned-active,f051f6fe29511bc2abc06f09ab7ca071da6a23f18818a7020b6829ea2c2d785e,77,sobel_colour,83,7.9,0.18446622305140892,True,False,False,,,662.3966896279984,0.1859206270007131,1,aligned,43,79,arrival,86.8299816090443,bend-43-sobel_colour-aligned-active.json,6ab608704da722556cf5151cad7bb20a95a5d1d7fd5971e8f82580748ff92647,bend
centre,exhaustive,0,False,2.404450582806021,dc3bf1a9417ab0fa18b2d6a59e0107aeeb47a07dd5e388f13b8feb6a7e8d4c6a,4.388203037963436,bend-43-sobel_colour-left50-exhaustive,f051f6fe29511bc2abc06f09ab7ca071da6a23f18818a7020b6829ea2c2d785e,77,sobel_colour,247,1.8,0.6110983386745957,False,False,True,,,4560.0,0.6114838034790805,19,left50,43,18,rock_collision,55.68333333333336,bend-43-sobel_colour-left50-exhaustive.json,6ab608704da722556cf5151cad7bb20a95a5d1d7fd5971e8f82580748ff92647,bend
centre,active,0,False,4.609792999923229,dc3bf1a9417ab0fa18b2d6a59e0107aeeb47a07dd5e388f13b8feb6a7e8d4c6a,4.397991320322037,bend-43-sobel_colour-left50-active,f051f6fe29511bc2abc06f09ab7ca071da6a23f18818a7020b6829ea2c2d785e,77,sobel_colour,27,1.8,0.6219346958064574,False,False,True,,,835.4692001829767,0.6224924452710807,2,left50,43,18,rock_collision,23.991495556572108,bend-43-sobel_colour-left50-active.json,6ab608704da722556cf5151cad7bb20a95a5d1d7fd5971e8f82580748ff92647,bend
centre,exhaustive,0,True,4.66260933293961,dc3bf1a9417ab0fa18b2d6a59e0107aeeb47a07dd5e388f13b8feb6a7e8d4c6a,4.2935413190399805,bend-43-sobel_colour-kick_right50-exhaustive,f051f6fe29511bc2abc06f09ab7ca071da6a23f18818a7020b6829ea2c2d785e,77,sobel_colour,481,3.6,0.027698596318986732,False,False,True,,,8890.0,0.029448387171346433,37,kick_right50,43,36,rock_collision,109.43888888888848,bend-43-sobel_colour-kick_right50-exhaustive.json,6ab608704da722556cf5151cad7bb20a95a5d1d7fd5971e8f82580748ff92647,bend
centre,active,0,True,2.740161124849692,dc3bf1a9417ab0fa18b2d6a59e0107aeeb47a07dd5e388f13b8feb6a7e8d4c6a,4.622299423945581,bend-43-sobel_colour-kick_right50-active,f051f6fe29511bc2abc06f09ab7ca071da6a23f18818a7020b6829ea2c2d785e,77,sobel_colour,47,4.2,0.22276608447011215,False,False,True,,,643.5654425142486,0.22419156558243789,1,kick_right50,43,42,rock_collision,47.92536356952356,bend-43-sobel_colour-kick_right50-active.json,6ab608704da722556cf5151cad7bb20a95a5d1d7fd5971e8f82580748ff92647,bend
centre,exhaustive,0,False,10.079939540941268,dc3bf1a9417ab0fa18b2d6a59e0107aeeb47a07dd5e388f13b8feb6a7e8d4c6a,0.1576998243482517,bend-43-ardin_input-aligned-exhaustive,bdb52c874e0b0cdb40a5d19e43a8a8af51762f4630437031642b3c0743c9d2d0,77,ardin_input,988,7.6000000000000005,0.027766143187141556,True,False,False,,,18330.0,0.042456561270785946,76,aligned,43,76,arrival,227.2333333333332,bend-43-ardin_input-aligned-exhaustive.json,6ab608704da722556cf5151cad7bb20a95a5d1d7fd5971e8f82580748ff92647,bend
centre,active,0,False,13.035855582915246,dc3bf1a9417ab0fa18b2d6a59e0107aeeb47a07dd5e388f13b8feb6a7e8d4c6a,2.127803076402623,bend-43-ardin_input-aligned-active,bdb52c874e0b0cdb40a5d19e43a8a8af51762f4630437031642b3c0743c9d2d0,77,ardin_input,65,6.0,0.21595150157362988,False,False,False,,,627.3940726156184,0.21713269308104283,1,aligned,43,60,rock_collision,66.73552262564225,bend-43-ardin_input-aligned-active.json,6ab608704da722556cf5151cad7bb20a95a5d1d7fd5971e8f82580748ff92647,bend
centre,exhaustive,0,False,2.690227665938437,dc3bf1a9417ab0fa18b2d6a59e0107aeeb47a07dd5e388f13b8feb6a7e8d4c6a,4.511283170960511,bend-43-ardin_input-left50-exhaustive,bdb52c874e0b0cdb40a5d19e43a8a8af51762f4630437031642b3c0743c9d2d0,77,ardin_input,234,1.7000000000000002,0.6530834554486299,False,False,True,,,4320.0,0.6535910297128155,18,left50,43,17,rock_collision,52.70000000000005,bend-43-ardin_input-left50-exhaustive.json,6ab608704da722556cf5151cad7bb20a95a5d1d7fd5971e8f82580748ff92647,bend
centre,active,0,False,5.902197249932215,dc3bf1a9417ab0fa18b2d6a59e0107aeeb47a07dd5e388f13b8feb6a7e8d4c6a,4.05316987041906,bend-43-ardin_input-left50-active,bdb52c874e0b0cdb40a5d19e43a8a8af51762f4630437031642b3c0743c9d2d0,77,ardin_input,30,2.1,0.7296357446505995,False,False,True,,,812.9176552671584,0.7301068665893891,2,left50,43,21,rock_collision,27.016209195928674,bend-43-ardin_input-left50-active.json,6ab608704da722556cf5151cad7bb20a95a5d1d7fd5971e8f82580748ff92647,bend
centre,exhaustive,0,True,11.877996291965246,dc3bf1a9417ab0fa18b2d6a59e0107aeeb47a07dd5e388f13b8feb6a7e8d4c6a,6.381392842967343,bend-43-ardin_input-kick_right50-exhaustive,bdb52c874e0b0cdb40a5d19e43a8a8af51762f4630437031642b3c0743c9d2d0,77,ardin_input,1144,8.700000000000001,1.7252535654945735,False,False,True,,,21100.0,1.7266046325570212,88,kick_right50,43,87,field_boundary,261.42222222222193,bend-43-ardin_input-kick_right50-exhaustive.json,6ab608704da722556cf5151cad7bb20a95a5d1d7fd5971e8f82580748ff92647,bend
centre,active,0,True,11.33760854206048,dc3bf1a9417ab0fa18b2d6a59e0107aeeb47a07dd5e388f13b8feb6a7e8d4c6a,4.950718296591316,bend-43-ardin_input-kick_right50-active,bdb52c874e0b0cdb40a5d19e43a8a8af51762f4630437031642b3c0743c9d2d0,77,ardin_input,90,6.9,1.0524200472222451,False,False,True,,,2277.6914933486532,1.0533339879590542,5,kick_right50,43,69,rock_collision,86.15384162971462,bend-43-ardin_input-kick_right50-active.json,6ab608704da722556cf5151cad7bb20a95a5d1d7fd5971e8f82580748ff92647,bend
centre,exhaustive,0,False,18.11916304100305,c7cac2da39d2c3d8f4cf347255b2d6cf98322eeece62e6d96d252cf794a5541b,0.16326178865244512,hairpin-19-linear_colour-aligned-exhaustive,b8b8f2457481f98ad8430decff545b29bfa77777038cbad104505c834e0305bc,91,linear_colour,1170,9.0,0.01603028948616955,True,False,False,,,21790.0,0.04076191617699677,90,aligned,19,90,arrival,269.5555555555553,hairpin-19-linear_colour-aligned-exhaustive.json,f67e7c2727811422fa6af09230f4aa5066a31710a4b56f5989f3ab85fa5c403a,hairpin
centre,active,0,False,13.077765125082806,c7cac2da39d2c3d8f4cf347255b2d6cf98322eeece62e6d96d252cf794a5541b,5.462581148335505,hairpin-19-linear_colour-aligned-active,b8b8f2457481f98ad8430decff545b29bfa77777038cbad104505c834e0305bc,91,linear_colour,55,4.2,0.2983370721766678,False,False,False,,,1295.5211948107876,0.2992898592386892,3,aligned,19,42,rock_collision,51.947339971170976,hairpin-19-linear_colour-aligned-active.json,f67e7c2727811422fa6af09230f4aa5066a31710a4b56f5989f3ab85fa5c403a,hairpin
centre,exhaustive,0,False,0.253977834014222,c7cac2da39d2c3d8f4cf347255b2d6cf98322eeece62e6d96d252cf794a5541b,3.309827459944467,hairpin-19-linear_colour-left50-exhaustive,b8b8f2457481f98ad8430decff545b29bfa77777038cbad104505c834e0305bc,91,linear_colour,13,0.0,,False,False,True,,,230.0,,1,left50,19,0,rock_collision,1.9277777777777785,hairpin-19-linear_colour-left50-exhaustive.json,f67e7c2727811422fa6af09230f4aa5066a31710a4b56f5989f3ab85fa5c403a,hairpin
centre,active,0,False,0.044766749953851104,c7cac2da39d2c3d8f4cf347255b2d6cf98322eeece62e6d96d252cf794a5541b,3.309827459944467,hairpin-19-linear_colour-left50-active,b8b8f2457481f98ad8430decff545b29bfa77777038cbad104505c834e0305bc,91,linear_colour,1,0.0,,False,False,True,,,15.741284973132338,,0,left50,19,0,rock_collision,0.13745158318406853,hairpin-19-linear_colour-left50-active.json,f67e7c2727811422fa6af09230f4aa5066a31710a4b56f5989f3ab85fa5c403a,hairpin
centre,exhaustive,0,True,23.865661750081927,c7cac2da39d2c3d8f4cf347255b2d6cf98322eeece62e6d96d252cf794a5541b,2.063026311101684,hairpin-19-linear_colour-kick_right50-exhaustive,b8b8f2457481f98ad8430decff545b29bfa77777038cbad104505c834e0305bc,91,linear_colour,1521,11.600000000000001,0.33928972120550277,False,False,True,,,28280.0,0.34183057777856496,117,kick_right50,19,116,field_boundary,349.1611111111102,hairpin-19-linear_colour-kick_right50-exhaustive.json,f67e7c2727811422fa6af09230f4aa5066a31710a4b56f5989f3ab85fa5c403a,hairpin
centre,active,0,True,4.572595834033564,c7cac2da39d2c3d8f4cf347255b2d6cf98322eeece62e6d96d252cf794a5541b,6.025709482431293,hairpin-19-linear_colour-kick_right50-active,b8b8f2457481f98ad8430decff545b29bfa77777038cbad104505c834e0305bc,91,linear_colour,56,4.3,0.4045352221937174,False,False,True,,,1255.4966762418162,0.4054082025221654,3,kick_right50,19,43,rock_collision,52.77498153467669,hairpin-19-linear_colour-kick_right50-active.json,f67e7c2727811422fa6af09230f4aa5066a31710a4b56f5989f3ab85fa5c403a,hairpin
centre,exhaustive,0,False,12.230560750002041,c7cac2da39d2c3d8f4cf347255b2d6cf98322eeece62e6d96d252cf794a5541b,0.12610237152758288,hairpin-19-sobel_colour-aligned-exhaustive,a2bd23e77543f2840a982cdfff2191e92cec337b3373f2483f6bea1d5bae4e06,91,sobel_colour,1183,9.1,0.032011837178765976,True,False,False,,,22040.0,0.03981083759722088,91,aligned,19,91,arrival,272.5944444444442,hairpin-19-sobel_colour-aligned-exhaustive.json,f67e7c2727811422fa6af09230f4aa5066a31710a4b56f5989f3ab85fa5c403a,hairpin
centre,active,0,False,28.296285457909107,c7cac2da39d2c3d8f4cf347255b2d6cf98322eeece62e6d96d252cf794a5541b,2.207137216272524,hairpin-19-sobel_colour-aligned-active,a2bd23e77543f2840a982cdfff2191e92cec337b3373f2483f6bea1d5bae4e06,91,sobel_colour,136,11.9,0.3884431595539149,False,False,False,,,1907.4648419994437,0.38982912770396105,4,aligned,19,119,field_boundary,136.39702689999675,hairpin-19-sobel_colour-aligned-active.json,f67e7c2727811422fa6af09230f4aa5066a31710a4b56f5989f3ab85fa5c403a,hairpin
centre,exhaustive,0,False,0.1501624588854611,c7cac2da39d2c3d8f4cf347255b2d6cf98322eeece62e6d96d252cf794a5541b,3.309827459944467,hairpin-19-sobel_colour-left50-exhaustive,a2bd23e77543f2840a982cdfff2191e92cec337b3373f2483f6bea1d5bae4e06,91,sobel_colour,13,0.0,,False,False,True,,,230.0,,1,left50,19,0,rock_collision,1.9277777777777785,hairpin-19-sobel_colour-left50-exhaustive.json,f67e7c2727811422fa6af09230f4aa5066a31710a4b56f5989f3ab85fa5c403a,hairpin
centre,active,0,False,0.03621033392846584,c7cac2da39d2c3d8f4cf347255b2d6cf98322eeece62e6d96d252cf794a5541b,3.309827459944467,hairpin-19-sobel_colour-left50-active,a2bd23e77543f2840a982cdfff2191e92cec337b3373f2483f6bea1d5bae4e06,91,sobel_colour,1,0.0,,False,False,True,,,8.881367274687676,,0,left50,19,0,rock_collision,0.09934092930382044,hairpin-19-sobel_colour-left50-active.json,f67e7c2727811422fa6af09230f4aa5066a31710a4b56f5989f3ab85fa5c403a,hairpin
centre,exhaustive,0,True,15.320247625000775,c7cac2da39d2c3d8f4cf347255b2d6cf98322eeece62e6d96d252cf794a5541b,8.13613020409665,hairpin-19-sobel_colour-kick_right50-exhaustive,a2bd23e77543f2840a982cdfff2191e92cec337b3373f2483f6bea1d5bae4e06,91,sobel_colour,1495,11.4,1.6661195186574693,False,False,True,,,27600.0,1.6675796739579052,115,kick_right50,19,114,field_boundary,342.08333333333246,hairpin-19-sobel_colour-kick_right50-exhaustive.json,f67e7c2727811422fa6af09230f4aa5066a31710a4b56f5989f3ab85fa5c403a,hairpin
centre,active,0,True,8.952428834047168,c7cac2da39d2c3d8f4cf347255b2d6cf98322eeece62e6d96d252cf794a5541b,3.2042808589322584,hairpin-19-sobel_colour-kick_right50-active,a2bd23e77543f2840a982cdfff2191e92cec337b3373f2483f6bea1d5bae4e06,91,sobel_colour,79,6.2,0.24136162930376526,False,False,True,,,1761.1246800388296,0.24277009546968464,4,kick_right50,19,62,rock_collision,75.73402600021561,hairpin-19-sobel_colour-kick_right50-active.json,f67e7c2727811422fa6af09230f4aa5066a31710a4b56f5989f3ab85fa5c403a,hairpin
centre,exhaustive,0,False,12.204660709016025,c7cac2da39d2c3d8f4cf347255b2d6cf98322eeece62e6d96d252cf794a5541b,0.18066307552437044,hairpin-19-ardin_input-aligned-exhaustive,23f6b4984761c636a6cf5304b1b9ffa8b2afdb7247ff4bde02837ead6c7e4bf1,91,ardin_input,1170,9.0,0.02472800793571223,True,False,False,,,21790.0,0.0376748826523443,90,aligned,19,90,arrival,269.5555555555553,hairpin-19-ardin_input-aligned-exhaustive.json,f67e7c2727811422fa6af09230f4aa5066a31710a4b56f5989f3ab85fa5c403a,hairpin
centre,active,0,False,14.20714558311738,c7cac2da39d2c3d8f4cf347255b2d6cf98322eeece62e6d96d252cf794a5541b,5.956151761886195,hairpin-19-ardin_input-aligned-active,23f6b4984761c636a6cf5304b1b9ffa8b2afdb7247ff4bde02837ead6c7e4bf1,91,ardin_input,71,5.4,0.5435696158422424,False,False,False,,,1704.8214442450071,0.5444577058147984,4,aligned,19,54,rock_collision,67.0212302458055,hairpin-19-ardin_input-aligned-active.json,f67e7c2727811422fa6af09230f4aa5066a31710a4b56f5989f3ab85fa5c403a,hairpin
centre,exhaustive,0,False,0.15744004189036787,c7cac2da39d2c3d8f4cf347255b2d6cf98322eeece62e6d96d252cf794a5541b,3.309827459944467,hairpin-19-ardin_input-left50-exhaustive,23f6b4984761c636a6cf5304b1b9ffa8b2afdb7247ff4bde02837ead6c7e4bf1,91,ardin_input,13,0.0,,False,False,True,,,260.0,,1,left50,19,0,rock_collision,2.094444444444445,hairpin-19-ardin_input-left50-exhaustive.json,f67e7c2727811422fa6af09230f4aa5066a31710a4b56f5989f3ab85fa5c403a,hairpin
centre,active,0,False,0.03407537494786084,c7cac2da39d2c3d8f4cf347255b2d6cf98322eeece62e6d96d252cf794a5541b,3.309827459944467,hairpin-19-ardin_input-left50-active,23f6b4984761c636a6cf5304b1b9ffa8b2afdb7247ff4bde02837ead6c7e4bf1,91,ardin_input,1,0.0,,False,False,True,,,12.511365691393166,,0,left50,19,0,rock_collision,0.11950758717440649,hairpin-19-ardin_input-left50-active.json,f67e7c2727811422fa6af09230f4aa5066a31710a4b56f5989f3ab85fa5c403a,hairpin
centre,exhaustive,0,True,6.603411415824667,c7cac2da39d2c3d8f4cf347255b2d6cf98322eeece62e6d96d252cf794a5541b,4.623991431143672,hairpin-19-ardin_input-kick_right50-exhaustive,23f6b4984761c636a6cf5304b1b9ffa8b2afdb7247ff4bde02837ead6c7e4bf1,91,ardin_input,624,4.7,0.1658531696899116,False,False,True,,,11630.0,0.1696123351979097,48,kick_right50,19,47,rock_collision,142.8111111111106,hairpin-19-ardin_input-kick_right50-exhaustive.json,f67e7c2727811422fa6af09230f4aa5066a31710a4b56f5989f3ab85fa5c403a,hairpin
centre,active,0,True,4.202891916036606,c7cac2da39d2c3d8f4cf347255b2d6cf98322eeece62e6d96d252cf794a5541b,6.036242492579147,hairpin-19-ardin_input-kick_right50-active,23f6b4984761c636a6cf5304b1b9ffa8b2afdb7247ff4bde02837ead6c7e4bf1,91,ardin_input,57,4.4,0.4170627980050048,False,False,True,,,1272.4436748319358,0.4181144012057861,3,kick_right50,19,44,rock_collision,53.91913152684402,hairpin-19-ardin_input-kick_right50-active.json,f67e7c2727811422fa6af09230f4aa5066a31710a4b56f5989f3ab85fa5c403a,hairpin
centre,exhaustive,0,False,16.90545254200697,165e83c4184825f71c1c3492a546c95064d69cb53307b1cb46170837706dd6c4,0.14618391131441077,hairpin-31-linear_colour-aligned-exhaustive,4dbc8ccec61959f251922fb6bc0e1dfe7a2a67c6a01f1b44ccfde34d172e8d76,91,linear_colour,1170,9.0,0.014474367877255973,True,False,False,,,21790.0,0.03981812646670069,90,aligned,31,90,arrival,269.5555555555553,hairpin-31-linear_colour-aligned-exhaustive.json,f67e7c2727811422fa6af09230f4aa5066a31710a4b56f5989f3ab85fa5c403a,hairpin
centre,active,0,False,25.65016816696152,165e83c4184825f71c1c3492a546c95064d69cb53307b1cb46170837706dd6c4,7.712360115621939,hairpin-31-linear_colour-aligned-active,4dbc8ccec61959f251922fb6bc0e1dfe7a2a67c6a01f1b44ccfde34d172e8d76,91,linear_colour,130,8.9,1.3825786820078954,False,False,False,,,3800.272143617216,1.3830500353636412,10,aligned,31,89,rock_collision,116.61262302009548,hairpin-31-linear_colour-aligned-active.json,f67e7c2727811422fa6af09230f4aa5066a31710a4b56f5989f3ab85fa5c403a,hairpin
centre,exhaustive,0,False,0.21013870905153453,165e83c4184825f71c1c3492a546c95064d69cb53307b1cb46170837706dd6c4,3.309827459944467,hairpin-31-linear_colour-left50-exhaustive,4dbc8ccec61959f251922fb6bc0e1dfe7a2a67c6a01f1b44ccfde34d172e8d76,91,linear_colour,13,0.0,,False,False,True,,,250.0,,1,left50,31,0,rock_collision,2.0388888888888896,hairpin-31-linear_colour-left50-exhaustive.json,f67e7c2727811422fa6af09230f4aa5066a31710a4b56f5989f3ab85fa5c403a,hairpin
centre,active,0,False,0.03848012490198016,165e83c4184825f71c1c3492a546c95064d69cb53307b1cb46170837706dd6c4,3.309827459944467,hairpin-31-linear_colour-left50-active,4dbc8ccec61959f251922fb6bc0e1dfe7a2a67c6a01f1b44ccfde34d172e8d76,91,linear_colour,1,0.0,,False,False,True,,,11.61123521514213,,0,left50,31,0,rock_collision,0.11450686230634517,hairpin-31-linear_colour-left50-active.json,f67e7c2727811422fa6af09230f4aa5066a31710a4b56f5989f3ab85fa5c403a,hairpin
centre,exhaustive,0,True,8.799178916029632,165e83c4184825f71c1c3492a546c95064d69cb53307b1cb46170837706dd6c4,5.204791693922793,hairpin-31-linear_colour-kick_right50-exhaustive,4dbc8ccec61959f251922fb6bc0e1dfe7a2a67c6a01f1b44ccfde34d172e8d76,91,linear_colour,611,4.6000000000000005,0.2067892200280783,False,False,True,,,11350.0,0.21046140942924318,47,kick_right50,31,46,rock_collision,139.60555555555504,hairpin-31-linear_colour-kick_right50-exhaustive.json,f67e7c2727811422fa6af09230f4aa5066a31710a4b56f5989f3ab85fa5c403a,hairpin
centre,active,0,True,7.456688957987353,165e83c4184825f71c1c3492a546c95064d69cb53307b1cb46170837706dd6c4,6.618032308592855,hairpin-31-linear_colour-kick_right50-active,4dbc8ccec61959f251922fb6bc0e1dfe7a2a67c6a01f1b44ccfde34d172e8d76,91,linear_colour,75,5.4,0.7295122941262545,False,False,True,,,2007.508276013908,0.7301471938514932,5,kick_right50,31,54,rock_collision,68.9028237556327,hairpin-31-linear_colour-kick_right50-active.json,f67e7c2727811422fa6af09230f4aa5066a31710a4b56f5989f3ab85fa5c403a,hairpin
centre,exhaustive,0,False,11.171645458089188,165e83c4184825f71c1c3492a546c95064d69cb53307b1cb46170837706dd6c4,0.1888306952407264,hairpin-31-sobel_colour-aligned-exhaustive,2f2905a2df531b70615462ea100eb9d3b2c0b690fcf68c263075826d0101a1db,91,sobel_colour,1157,8.9,0.015977815368326778,True,False,False,,,21550.0,0.018987252720158675,89,aligned,31,89,arrival,266.572222222222,hairpin-31-sobel_colour-aligned-exhaustive.json,f67e7c2727811422fa6af09230f4aa5066a31710a4b56f5989f3ab85fa5c403a,hairpin
centre,active,0,False,27.566506166011095,165e83c4184825f71c1c3492a546c95064d69cb53307b1cb46170837706dd6c4,2.1309329551971343,hairpin-31-sobel_colour-aligned-active,2f2905a2df531b70615462ea100eb9d3b2c0b690fcf68c263075826d0101a1db,91,sobel_colour,131,11.8,0.34352873571241643,False,False,False,,,1710.1589631256031,0.34508528801856203,3,aligned,31,118,field_boundary,134.05088312847536,hairpin-31-sobel_colour-aligned-active.json,f67e7c2727811422fa6af09230f4aa5066a31710a4b56f5989f3ab85fa5c403a,hairpin
centre,exhaustive,0,False,0.1512083748821169,165e83c4184825f71c1c3492a546c95064d69cb53307b1cb46170837706dd6c4,3.309827459944467,hairpin-31-sobel_colour-left50-exhaustive,2f2905a2df531b70615462ea100eb9d3b2c0b690fcf68c263075826d0101a1db,91,sobel_colour,13,0.0,,False,False,True,,,240.0,,1,left50,31,0,rock_collision,1.9833333333333338,hairpin-31-sobel_colour-left50-exhaustive.json,f67e7c2727811422fa6af09230f4aa5066a31710a4b56f5989f3ab85fa5c403a,hairpin
centre,active,0,False,0.03365737502463162,165e83c4184825f71c1c3492a546c95064d69cb53307b1cb46170837706dd6c4,3.309827459944467,hairpin-31-sobel_colour-left50-active,2f2905a2df531b70615462ea100eb9d3b2c0b690fcf68c263075826d0101a1db,91,sobel_colour,1,0.0,,False,False,True,,,7.322756514206333,,0,left50,31,0,rock_collision,0.09068198063447963,hairpin-31-sobel_colour-left50-active.json,f67e7c2727811422fa6af09230f4aa5066a31710a4b56f5989f3ab85fa5c403a,hairpin
centre,exhaustive,0,True,11.659255292033777,165e83c4184825f71c1c3492a546c95064d69cb53307b1cb46170837706dd6c4,0.15179556739772695,hairpin-31-sobel_colour-kick_right50-exhaustive,2f2905a2df531b70615462ea100eb9d3b2c0b690fcf68c263075826d0101a1db,91,sobel_colour,1196,9.200000000000001,0.10721931940717327,True,True,True,4.800000000000001,143.86666666666696,22280.0,0.109536867083062,92,kick_right50,31,92,arrival,275.57777777777756,hairpin-31-sobel_colour-kick_right50-exhaustive.json,f67e7c2727811422fa6af09230f4aa5066a31710a4b56f5989f3ab85fa5c403a,hairpin
centre,active,0,True,5.191947374958545,165e83c4184825f71c1c3492a546c95064d69cb53307b1cb46170837706dd6c4,4.556529302115746,hairpin-31-sobel_colour-kick_right50-active,2f2905a2df531b70615462ea100eb9d3b2c0b690fcf68c263075826d0101a1db,91,sobel_colour,63,5.0,0.2516583151349447,False,False,True,,,1399.9028712889526,0.2527700838153624,3,kick_right50,31,50,rock_collision,60.92723817382739,hairpin-31-sobel_colour-kick_right50-active.json,f67e7c2727811422fa6af09230f4aa5066a31710a4b56f5989f3ab85fa5c403a,hairpin
centre,exhaustive,0,False,11.559884249931201,165e83c4184825f71c1c3492a546c95064d69cb53307b1cb46170837706dd6c4,0.16810328846391562,hairpin-31-ardin_input-aligned-exhaustive,3a05c3a0a76b62de43f80aac6912c000942e5524f6220468120e95fb350fb2cc,91,ardin_input,1170,9.0,0.02776057812863262,True,False,False,,,21790.0,0.04117455341841055,90,aligned,31,90,arrival,269.5555555555553,hairpin-31-ardin_input-aligned-exhaustive.json,f67e7c2727811422fa6af09230f4aa5066a31710a4b56f5989f3ab85fa5c403a,hairpin
centre,active,0,False,11.834699375089258,165e83c4184825f71c1c3492a546c95064d69cb53307b1cb46170837706dd6c4,6.030959372125551,hairpin-31-ardin_input-aligned-active,3a05c3a0a76b62de43f80aac6912c000942e5524f6220468120e95fb350fb2cc,91,ardin_input,65,4.800000000000001,0.4545659214672568,False,False,False,,,1572.060199169725,0.455511066774766,4,aligned,31,48,rock_collision,59.98366777316504,hairpin-31-ardin_input-aligned-active.json,f67e7c2727811422fa6af09230f4aa5066a31710a4b56f5989f3ab85fa5c403a,hairpin
centre,exhaustive,0,False,0.18249833304435015,165e83c4184825f71c1c3492a546c95064d69cb53307b1cb46170837706dd6c4,3.309827459944467,hairpin-31-ardin_input-left50-exhaustive,3a05c3a0a76b62de43f80aac6912c000942e5524f6220468120e95fb350fb2cc,91,ardin_input,13,0.0,,False,False,True,,,240.0,,1,left50,31,0,rock_collision,1.9833333333333338,hairpin-31-ardin_input-left50-exhaustive.json,f67e7c2727811422fa6af09230f4aa5066a31710a4b56f5989f3ab85fa5c403a,hairpin
centre,active,0,False,0.03686116589233279,165e83c4184825f71c1c3492a546c95064d69cb53307b1cb46170837706dd6c4,3.309827459944467,hairpin-31-ardin_input-left50-active,3a05c3a0a76b62de43f80aac6912c000942e5524f6220468120e95fb350fb2cc,91,ardin_input,1,0.0,,False,False,True,,,10.455428541028141,,0,left50,31,0,rock_collision,0.10808571411682301,hairpin-31-ardin_input-left50-active.json,f67e7c2727811422fa6af09230f4aa5066a31710a4b56f5989f3ab85fa5c403a,hairpin
centre,exhaustive,0,True,17.973182959016412,165e83c4184825f71c1c3492a546c95064d69cb53307b1cb46170837706dd6c4,0.14588029609971206,hairpin-31-ardin_input-kick_right50-exhaustive,3a05c3a0a76b62de43f80aac6912c000942e5524f6220468120e95fb350fb2cc,91,ardin_input,1209,9.3,0.10934961411557632,True,True,True,3.8000000000000003,113.92222222222233,22510.0,0.11977504806072407,93,kick_right50,31,93,arrival,278.50555555555513,hairpin-31-ardin_input-kick_right50-exhaustive.json,f67e7c2727811422fa6af09230f4aa5066a31710a4b56f5989f3ab85fa5c403a,hairpin
centre,active,0,True,9.676458375062793,165e83c4184825f71c1c3492a546c95064d69cb53307b1cb46170837706dd6c4,6.098944877064822,hairpin-31-ardin_input-kick_right50-active,3a05c3a0a76b62de43f80aac6912c000942e5524f6220468120e95fb350fb2cc,91,ardin_input,57,4.4,0.43882490430879956,False,False,True,,,1236.5233215095138,0.43981227348788837,3,kick_right50,31,44,rock_collision,53.71957400838612,hairpin-31-ardin_input-kick_right50-active.json,f67e7c2727811422fa6af09230f4aa5066a31710a4b56f5989f3ab85fa5c403a,hairpin
centre,exhaustive,0,False,27.4287540409714,dc3bf1a9417ab0fa18b2d6a59e0107aeeb47a07dd5e388f13b8feb6a7e8d4c6a,0.19836863658736006,hairpin-43-linear_colour-aligned-exhaustive,f633d9364d1c03a3f775b4e0c9ce58bc31ee1376a01e329246bc2edb2f0628e9,91,linear_colour,1157,8.9,0.006685487766341856,True,False,False,,,21550.0,0.007960811484210297,89,aligned,43,89,arrival,266.572222222222,hairpin-43-linear_colour-aligned-exhaustive.json,f67e7c2727811422fa6af09230f4aa5066a31710a4b56f5989f3ab85fa5c403a,hairpin
centre,active,0,False,28.99361649993807,dc3bf1a9417ab0fa18b2d6a59e0107aeeb47a07dd5e388f13b8feb6a7e8d4c6a,2.121662381002661,hairpin-43-linear_colour-aligned-active,f633d9364d1c03a3f775b4e0c9ce58bc31ee1376a01e329246bc2edb2f0628e9,91,linear_colour,141,12.0,0.3716424922798349,False,False,False,,,2184.89986940354,0.37315174784030486,5,aligned,43,120,field_boundary,139.18833260779735,hairpin-43-linear_colour-aligned-active.json,f67e7c2727811422fa6af09230f4aa5066a31710a4b56f5989f3ab85fa5c403a,hairpin
centre,exhaustive,0,False,0.21022450015880167,dc3bf1a9417ab0fa18b2d6a59e0107aeeb47a07dd5e388f13b8feb6a7e8d4c6a,3.309827459944467,hairpin-43-linear_colour-left50-exhaustive,f633d9364d1c03a3f775b4e0c9ce58bc31ee1376a01e329246bc2edb2f0628e9,91,linear_colour,13,0.0,,False,False,True,,,250.0,,1,left50,43,0,rock_collision,2.0388888888888896,hairpin-43-linear_colour-left50-exhaustive.json,f67e7c2727811422fa6af09230f4aa5066a31710a4b56f5989f3ab85fa5c403a,hairpin
centre,active,0,False,0.038249999983236194,dc3bf1a9417ab0fa18b2d6a59e0107aeeb47a07dd5e388f13b8feb6a7e8d4c6a,3.309827459944467,hairpin-43-linear_colour-left50-active,f633d9364d1c03a3f775b4e0c9ce58bc31ee1376a01e329246bc2edb2f0628e9,91,linear_colour,1,0.0,,False,False,True,,,14.703577319191112,,0,left50,43,0,rock_collision,0.13168654066217284,hairpin-43-linear_colour-left50-active.json,f67e7c2727811422fa6af09230f4aa5066a31710a4b56f5989f3ab85fa5c403a,hairpin
centre,exhaustive,0,True,17.495694833109155,dc3bf1a9417ab0fa18b2d6a59e0107aeeb47a07dd5e388f13b8feb6a7e8d4c6a,0.19245381848867874,hairpin-43-linear_colour-kick_right50-exhaustive,f633d9364d1c03a3f775b4e0c9ce58bc31ee1376a01e329246bc2edb2f0628e9,91,linear_colour,1222,9.4,0.14922224247499158,True,False,True,,,22760.0,0.1506272126236561,94,kick_right50,43,94,arrival,281.544444444444,hairpin-43-linear_colour-kick_right50-exhaustive.json,f67e7c2727811422fa6af09230f4aa5066a31710a4b56f5989f3ab85fa5c403a,hairpin
centre,active,0,True,22.558755791047588,dc3bf1a9417ab0fa18b2d6a59e0107aeeb47a07dd5e388f13b8feb6a7e8d4c6a,0.12827534355121242,hairpin-43-linear_colour-kick_right50-active,f633d9364d1c03a3f775b4e0c9ce58bc31ee1376a01e329246bc2edb2f0628e9,91,linear_colour,152,10.8,0.7206098086974727,True,False,True,,,4686.7632737936565,0.7213933149357085,11,kick_right50,43,108,arrival,141.63757374329802,hairpin-43-linear_colour-kick_right50-active.json,f67e7c2727811422fa6af09230f4aa5066a31710a4b56f5989f3ab85fa5c403a,hairpin
centre,exhaustive,0,False,11.120676334016025,dc3bf1a9417ab0fa18b2d6a59e0107aeeb47a07dd5e388f13b8feb6a7e8d4c6a,0.13983186057876268,hairpin-43-sobel_colour-aligned-exhaustive,8367fd9153f9242b7602a6b9132355a2b3e4db0b5605b05566ffb58e6e83b028,91,sobel_colour,1170,9.0,0.017212992051064115,True,False,False,,,21790.0,0.030575141666178165,90,aligned,43,90,arrival,269.5555555555554,hairpin-43-sobel_colour-aligned-exhaustive.json,f67e7c2727811422fa6af09230f4aa5066a31710a4b56f5989f3ab85fa5c403a,hairpin
centre,active,0,False,27.61571262520738,dc3bf1a9417ab0fa18b2d6a59e0107aeeb47a07dd5e388f13b8feb6a7e8d4c6a,2.0278708855743406,hairpin-43-sobel_colour-aligned-active,8367fd9153f9242b7602a6b9132355a2b3e4db0b5605b05566ffb58e6e83b028,91,sobel_colour,136,11.9,0.3296932860027873,False,False,False,,,1924.4450135670263,0.3321166748324409,4,aligned,43,119,field_boundary,136.4913611864834,hairpin-43-sobel_colour-aligned-active.json,f67e7c2727811422fa6af09230f4aa5066a31710a4b56f5989f3ab85fa5c403a,hairpin
centre,exhaustive,0,False,0.15766529110260308,dc3bf1a9417ab0fa18b2d6a59e0107aeeb47a07dd5e388f13b8feb6a7e8d4c6a,3.309827459944467,hairpin-43-sobel_colour-left50-exhaustive,8367fd9153f9242b7602a6b9132355a2b3e4db0b5605b05566ffb58e6e83b028,91,sobel_colour,13,0.0,,False,False,True,,,230.0,,1,left50,43,0,rock_collision,1.9277777777777785,hairpin-43-sobel_colour-left50-exhaustive.json,f67e7c2727811422fa6af09230f4aa5066a31710a4b56f5989f3ab85fa5c403a,hairpin
centre,active,0,False,0.03419949999079108,dc3bf1a9417ab0fa18b2d6a59e0107aeeb47a07dd5e388f13b8feb6a7e8d4c6a,3.309827459944467,hairpin-43-sobel_colour-left50-active,8367fd9153f9242b7602a6b9132355a2b3e4db0b5605b05566ffb58e6e83b028,91,sobel_colour,1,0.0,,False,False,True,,,14.073186629012014,,0,left50,43,0,rock_collision,0.12818437016117784,hairpin-43-sobel_colour-left50-active.json,f67e7c2727811422fa6af09230f4aa5066a31710a4b56f5989f3ab85fa5c403a,hairpin
centre,exhaustive,0,True,11.27717116707936,dc3bf1a9417ab0fa18b2d6a59e0107aeeb47a07dd5e388f13b8feb6a7e8d4c6a,7.38039019501229,hairpin-43-sobel_colour-kick_right50-exhaustive,8367fd9153f9242b7602a6b9132355a2b3e4db0b5605b05566ffb58e6e83b028,91,sobel_colour,1144,8.700000000000001,1.1378375370971239,False,False,True,,,21130.0,1.1392809312312109,88,kick_right50,43,87,rock_collision,261.58888888888856,hairpin-43-sobel_colour-kick_right50-exhaustive.json,f67e7c2727811422fa6af09230f4aa5066a31710a4b56f5989f3ab85fa5c403a,hairpin
centre,active,0,True,5.3102860420476645,dc3bf1a9417ab0fa18b2d6a59e0107aeeb47a07dd5e388f13b8feb6a7e8d4c6a,4.435371408904462,hairpin-43-sobel_colour-kick_right50-active,8367fd9153f9242b7602a6b9132355a2b3e4db0b5605b05566ffb58e6e83b028,91,sobel_colour,60,5.1000000000000005,0.2014858459883041,False,False,True,,,1066.166516014297,0.20409165974783203,2,kick_right50,43,51,rock_collision,59.923147311190455,hairpin-43-sobel_colour-kick_right50-active.json,f67e7c2727811422fa6af09230f4aa5066a31710a4b56f5989f3ab85fa5c403a,hairpin
centre,exhaustive,0,False,12.051953166956082,dc3bf1a9417ab0fa18b2d6a59e0107aeeb47a07dd5e388f13b8feb6a7e8d4c6a,0.13731903385917146,hairpin-43-ardin_input-aligned-exhaustive,745da5f34d6382f14cc2efc568ff8f28cd4d74866d69999c8e8407d64e2f1cdc,91,ardin_input,1196,9.200000000000001,0.043734129961370785,True,False,False,,,22280.0,0.04719427010919211,92,aligned,43,92,arrival,275.57777777777756,hairpin-43-ardin_input-aligned-exhaustive.json,f67e7c2727811422fa6af09230f4aa5066a31710a4b56f5989f3ab85fa5c403a,hairpin
centre,active,0,False,15.701276917010546,dc3bf1a9417ab0fa18b2d6a59e0107aeeb47a07dd5e388f13b8feb6a7e8d4c6a,4.9739718898248695,hairpin-43-ardin_input-aligned-active,745da5f34d6382f14cc2efc568ff8f28cd4d74866d69999c8e8407d64e2f1cdc,91,ardin_input,78,6.1000000000000005,0.34191182336228093,False,False,False,,,1747.135018366615,0.342933735705053,4,aligned,43,61,rock_collision,74.6063056575922,hairpin-43-ardin_input-aligned-active.json,f67e7c2727811422fa6af09230f4aa5066a31710a4b56f5989f3ab85fa5c403a,hairpin
centre,exhaustive,0,False,0.15602529211901128,dc3bf1a9417ab0fa18b2d6a59e0107aeeb47a07dd5e388f13b8feb6a7e8d4c6a,3.309827459944467,hairpin-43-ardin_input-left50-exhaustive,745da5f34d6382f14cc2efc568ff8f28cd4d74866d69999c8e8407d64e2f1cdc,91,ardin_input,13,0.0,,False,False,True,,,260.0,,1,left50,43,0,rock_collision,2.094444444444445,hairpin-43-ardin_input-left50-exhaustive.json,f67e7c2727811422fa6af09230f4aa5066a31710a4b56f5989f3ab85fa5c403a,hairpin
centre,active,0,False,0.03510579094290733,dc3bf1a9417ab0fa18b2d6a59e0107aeeb47a07dd5e388f13b8feb6a7e8d4c6a,3.309827459944467,hairpin-43-ardin_input-left50-active,745da5f34d6382f14cc2efc568ff8f28cd4d74866d69999c8e8407d64e2f1cdc,91,ardin_input,1,0.0,,False,False,True,,,11.623826225860341,,0,left50,43,0,rock_collision,0.11457681236589079,hairpin-43-ardin_input-left50-active.json,f67e7c2727811422fa6af09230f4aa5066a31710a4b56f5989f3ab85fa5c403a,hairpin
centre,exhaustive,0,True,5.65045866696164,dc3bf1a9417ab0fa18b2d6a59e0107aeeb47a07dd5e388f13b8feb6a7e8d4c6a,4.832403852125734,hairpin-43-ardin_input-kick_right50-exhaustive,745da5f34d6382f14cc2efc568ff8f28cd4d74866d69999c8e8407d64e2f1cdc,91,ardin_input,546,4.1000000000000005,0.10708780394739088,False,False,True,,,10130.0,0.11003143657183351,42,kick_right50,43,41,rock_collision,124.57777777777729,hairpin-43-ardin_input-kick_right50-exhaustive.json,f67e7c2727811422fa6af09230f4aa5066a31710a4b56f5989f3ab85fa5c403a,hairpin
centre,active,0,True,12.886511999880895,dc3bf1a9417ab0fa18b2d6a59e0107aeeb47a07dd5e388f13b8feb6a7e8d4c6a,4.491994240740132,hairpin-43-ardin_input-kick_right50-active,745da5f34d6382f14cc2efc568ff8f28cd4d74866d69999c8e8407d64e2f1cdc,91,ardin_input,102,7.7,0.32094787159187016,False,False,True,,,2415.2077978191264,0.32285821776134804,6,kick_right50,43,77,rock_collision,95.51782109899503,hairpin-43-ardin_input-kick_right50-active.json,f67e7c2727811422fa6af09230f4aa5066a31710a4b56f5989f3ab85fa5c403a,hairpin
