wavelength_nm,green_grass,dry_grass,dead_plant,soil,carbonate
320.0,0.01954777398056505,0.019841039324509188,0.02724316801707245,0.08721841647983879,0.7418447481970796
325.0,0.019683732899999997,0.019772557075000002,0.027178082125000003,0.09278812807499998,0.744608294
330.0,0.01953772483607168,0.01985980626988885,0.029218979403597016,0.09780103413602818,0.7482522239251196
335.0,0.022300668207391974,0.020245907297411755,0.029132924105962233,0.10268729687503281,0.7513636572798068
340.0,0.024167626545007734,0.020908408392681963,0.030323890117905584,0.1074119641232706,0.7549499016216081
345.0,0.020720366767023116,0.02130478972936317,0.03094941072227319,0.1115380468281329,0.7580034126582933
350.0,0.021013159730020627,0.02236598454710114,0.03197471358268104,0.1149680302289744,0.7594566457929854
355.0,0.024702051857790352,0.0221933094787888,0.03324057569302576,0.11878711493126266,0.763246316818808
360.0,0.024518100916780243,0.022822433960802968,0.03378630499889143,0.12219974814463386,0.7681610125970497
365.0,0.02481027617686548,0.023080707151832323,0.03600732828641808,0.12495081150432329,0.7710539362111586
370.0,0.023318628310171032,0.023852196824369416,0.03669078716541055,0.128270714493515,0.7756425072348242
375.0,0.020094786041376798,0.025068246878456265,0.038270484363701215,0.13294300760075867,0.7801471737537792
380.0,0.02183160643736521,0.02556295639632476,0.04068469325679509,0.13839664145845754,0.785233835157702
385.0,0.021137614572802128,0.027485199033459824,0.04270270377679111,0.14456497191349044,0.7912490681565593
390.0,0.022023435503130004,0.028427115523960003,0.044980829292085,0.15077606794580004,0.7972723861724
395.0,0.023334024836875814,0.02956986178164609,0.047627384622226876,0.15657421654561726,0.8025068458262208
400.0,0.02515734818256274,0.03147185063641454,0.05037261287644815,0.1624022122526338,0.8080587423061846
405.0,0.026458030656906703,0.03354445978254609,0.05289439189395051,0.16736082656126716,0.8121318289171554
410.0,0.027618535733653936,0.03609464623724355,0.055894103017815264,0.1724704322334335,0.819335148072671
415.0,0.028882868192950006,0.038111803122020005,0.05869507679450001,0.1777419660243,0.8225790993342
420.0,0.02987094227619816,0.040605391476263485,0.06130019664183571,0.1828601095801361,0.8268375371270857
425.0,0.030451702600645336,0.04307030221558406,0.06440464919116731,0.18812886784925956,0.8311313747713494
430.0,0.03086948205083017,0.04524540403813679,0.06722948582433275,0.19434559179747263,0.8357319922587408
435.0,0.03125301134233105,0.047090113002659986,0.07037440872487517,0.20174408738078414,0.8383554885188765
440.0,0.031268867589319994,0.04905191797237999,0.07308729581753999,0.20945645367279997,0.8427716823139999
445.0,0.03182320126306421,0.05086274993727978,0.07626985906447686,0.2158609306056353,0.845843369196764
450.0,0.03551911756,0.052955231320000004,0.07940963328000002,0.22289504000000007,0.8497399052000001
455.0,0.03629079150000001,0.055199285800000025,0.08347867750000003,0.22852924750000003,0.852802092
460.0,0.03642065002718027,0.05615836651251013,0.08617628817739179,0.2330738550195002,0.8540018187503374
465.0,0.03620344455746,0.05831831646314501,0.08941943608080502,0.23728552511175,0.8561154282029
470.0,0.036580131573595735,0.06025308844619446,0.09249723403663036,0.2403253562523625,0.8584735644688447
475.0,0.03647622056791,0.06180099549381,0.09641226477678999,0.24385613235579998,0.8614603243437
480.0,0.03661035785036074,0.06292809890289547,0.09887457746663265,0.2478552261175694,0.8609948382977085
485.0,0.0367472852,0.0644708111,0.1021681265,0.25183538749999995,0.8637960640000001
490.0,0.0367904583804488,0.06550042083831338,0.10533469264152641,0.2566842320923709,0.8651652533381333
495.0,0.03781227867781499,0.06701682566088499,0.108484192818,0.26239321999439996,0.8667846351761
500.0,0.039447336398223974,0.0685074217897879,0.11158396682246823,0.26905937244682443,0.8690957996209963
505.0,0.042179142084415824,0.07029512679196791,0.11584789873628734,0.2749775062142121,0.8705354869625695
510.0,0.046584900297172924,0.07178562485017849,0.11903946839823396,0.2812560263196632,0.8713911136216362
515.0,0.05387711402178022,0.07325173592354924,0.12203384238252382,0.28831772907209074,0.8732337168358684
520.0,0.06367599912591121,0.07515770760291603,0.12498961991359912,0.2951867172909729,0.8733270663648637
525.0,0.07470833034902363,0.07731885955620559,0.1281525518283683,0.30309262517190183,0.8777986729578797
530.0,0.08417632564433654,0.07873934409642598,0.13214767615131157,0.3102053727790279,0.8774166391875918
535.0,0.09041655387497871,0.08037866807431072,0.13560968734317344,0.3186697795515954,0.8780997197070971
540.0,0.09395397134593307,0.0816144473039739,0.14029094577608447,0.3273805864060718,0.8794687440725185
545.0,0.09501309742205923,0.08413268961531119,0.143698725596456,0.3366428780099302,0.8833696274300744
550.0,0.09704892444151443,0.08580829862484628,0.1483936546672967,0.3460155303805539,0.8820933541080911
555.0,0.09693417818477183,0.08868870921753212,0.15311323085170842,0.3556313707800077,0.8830198911055109
560.0,0.09494333855128327,0.08980763410090652,0.15733533686960308,0.3653174948277725,0.8837722396531449
565.0,0.09120501669886197,0.09097126159551097,0.16150921140666408,0.3754234871071711,0.887471105601656
570.0,0.08426188013695715,0.09269294570837561,0.1652797237965069,0.3846689288628328,0.8890232820541808
575.0,0.07679651906035062,0.09411727987888878,0.16978419864868646,0.39345175824598244,0.889881142102521
580.0,0.07237303127663912,0.0956436156059641,0.17431534790066855,0.4019613726107392,0.8920436400181002
585.0,0.0672612624297543,0.09768173858514084,0.17830516730627302,0.40937708542975426,0.8929399298316983
590.0,0.06597603372026413,0.10070056599126014,0.18233469036029468,0.41616251552826716,0.89265942866197
595.0,0.06363776214632147,0.10292805716417162,0.18671876629776296,0.42185701671536713,0.8947340021631216
600.0,0.0634086258381389,0.10627220799449999,0.19122996136566664,0.4268491303286666,0.8948384315836667
605.0,0.062075677548991556,0.11010841849390925,0.19624895708132026,0.43095621035769416,0.8951728731898098
610.0,0.059966837227529185,0.1133258123027308,0.20063285095408043,0.4343758237851335,0.896777196667375
615.0,0.05765584667326655,0.11672394466219174,0.20456239418082278,0.43777819795596307,0.8972800876550918
620.0,0.05583682251383159,0.11948111975611891,0.2086229744476737,0.4409977948093703,0.8971669231278907
625.0,0.05400263718145965,0.12320096291686722,0.21280137374050764,0.44309395428420534,0.9008086524362957
630.0,0.053141165882299994,0.12618232012066663,0.21718350553766666,0.4469725138036667,0.900125362723
635.0,0.052709732135481344,0.13017989860348606,0.22026746652191523,0.4474339960168602,0.901348786193412
640.0,0.049973345348289795,0.133845120599591,0.22442059096753544,0.45001902340039895,0.9041143799416008
645.0,0.04759071213742138,0.13732296146221462,0.22742285591205907,0.45167249794787945,0.9032983860539605
650.0,0.04497987209383636,0.14095638336390054,0.23250169300234508,0.45427945294879424,0.9048982456599349
655.0,0.04371737370210702,0.14483143868353685,0.23628601966334664,0.45703432379583797,0.9057823845937959
660.0,0.04253750263962462,0.14934238711145667,0.23972373428336421,0.45866139543573153,0.9053574714442716
665.0,0.04056266855269553,0.15275584982179818,0.2439712934920349,0.4614255250238502,0.9081374676221762
670.0,0.03908276048629167,0.15649870572225738,0.24647123948042754,0.46412366751482037,0.9085283339967759
675.0,0.03868530541500554,0.15976908071310952,0.25106282206232755,0.4664837164321525,0.909066780151802
680.0,0.03837299574508328,0.1639533726141682,0.2543703956285751,0.4690756740909879,0.9102508845214269
685.0,0.039648461061159365,0.1679897219513804,0.2580056998064019,0.472055307298427,0.9110699933329667
690.0,0.04624150602521313,0.17288296224198504,0.26200724224891836,0.47437065066899553,0.9120167239890401
695.0,0.06248161160045581,0.17928088898834002,0.26577006424963834,0.4773614991466057,0.9130601570804194
700.0,0.09007686145316893,0.18952692173639143,0.26865202437987945,0.47913440406546887,0.9130850772174406
