wavelength_nm,UV,blue,green
320.0,0.009930799054126815,0.001354437405471852,0.0007788878850121877
325.0,0.011526820067212737,0.0015455843989707972,0.0008350541286706176
330.0,0.013167174996540664,0.001804764783515267,0.0008769455937445536
335.0,0.014851864317370254,0.002063034498859062,0.0009157849711875349
340.0,0.015917651995138442,0.0023250179101858897,0.0009502009695906428
345.0,0.016314875042661853,0.0025128292106850643,0.000980698890861176
350.0,0.01626582261706882,0.0027273528029074416,0.001007859692572107
355.0,0.015427970870885467,0.002929767079179117,0.0010226487544159452
360.0,0.014113722023113904,0.003126045692127769,0.0010513418478894144
365.0,0.012610648518138519,0.003311693369414704,0.0010776808384948854
370.0,0.011088303024059453,0.003512173003124169,0.0010782997939759312
375.0,0.009821846685453335,0.003753575049633907,0.001080794483793121
380.0,0.00838467815914892,0.004129459403760706,0.001068826302198898
385.0,0.00688161205758406,0.004481076176851208,0.001038887998249919
390.0,0.005506531454912704,0.005117615495424853,0.0009992608402505042
395.0,0.00435254596984189,0.005770864207312453,0.000976265291953648
400.0,0.0034415699547824647,0.006464943122892579,0.0009579590657754251
405.0,0.0027433402607588424,0.007032121801711297,0.0009762195864405966
410.0,0.002216951801139032,0.007764295503204124,0.00100031300220489
415.0,0.0017776697410261289,0.008405420156663776,0.0010182125646981293
420.0,0.0014154917535957592,0.008957507293444337,0.0010437919021353223
425.0,0.001143051864010866,0.009461939803816122,0.0011024141095613115
430.0,0.0009038815663450577,0.009948019338770219,0.0012042451012474022
435.0,0.0007608303433814428,0.010217620867300686,0.0013309539612534524
440.0,0.0006768879902505541,0.010303141873985719,0.001467218418655335
445.0,0.000564033148901086,0.01012663969299994,0.0016096815303749117
450.0,0.000539917280495266,0.009395829962337888,0.0017765824658485543
455.0,0.00047971052112900437,0.008551334240960084,0.001969749899898731
460.0,0.0004030702763364915,0.007678887156335149,0.00217690650555316
465.0,0.0003474360684055001,0.007038301825713833,0.0024018069846195563
470.0,0.00030444164266340033,0.006187541523909095,0.002686839571167961
475.0,0.0002597790571763068,0.005386137818449661,0.0030284496846087736
480.0,0.0002147889917755087,0.004519862325550268,0.0034656795731403743
485.0,0.0001688964059193968,0.0035377084247263757,0.00384590161075883
490.0,0.00012169452794037416,0.002575452047252151,0.004250326219585068
495.0,8.620864465279348e-05,0.0018085314935142778,0.004619443511460551
500.0,6.018038080010075e-05,0.0012869981704894315,0.00496803285586913
505.0,4.7762413406707136e-05,0.0009570531364041581,0.00531541869658166
510.0,4.021015912246491e-05,0.0007164008852433937,0.005732764520089759
515.0,3.247619486444519e-05,0.0005936311577459014,0.006087029091546553
520.0,2.4602844751458867e-05,0.00046612367262130483,0.006433974407506939
525.0,1.655960704425116e-05,0.00037066165888168645,0.006825358582619511
530.0,8.378408788156136e-06,0.00024434422858055874,0.007212755661502438
535.0,1.760872500606086e-06,0.0001400406316406913,0.007531842486488169
540.0,9.49951842093003e-07,6.327394534208467e-05,0.007747685508585764
545.0,0.0,1.1109544128156488e-05,0.007960235386809221
550.0,0.0,0.0,0.008096182029297964
555.0,0.0,0.0,0.008217969049490426
560.0,0.0,8.780227897142463e-08,0.008306921020506662
565.0,0.0,7.621607895110432e-07,0.008269906978462973
570.0,0.0,1.9725849836485599e-07,0.007850540732801801
575.0,0.0,0.0,0.007076110091827739
580.0,0.0,0.0,0.006082702715247551
585.0,0.0,7.216567620093442e-09,0.0050476482812013964
590.0,0.0,4.0697071980346886e-10,0.004115765884969252
595.0,0.0,0.0,0.0032920971106790336
600.0,0.0,6.356342589630161e-11,0.002560367251102817
605.0,0.0,0.0,0.0019297902408078307
610.0,0.0,2.024848244941075e-12,0.0014532370191852606
615.0,0.0,2.157272048891703e-15,0.0011012378109308914
620.0,0.0,1.087405423018582e-15,0.0008369838446492938
625.0,0.0,0.0,0.0006302051179097405
630.0,0.0,0.0,0.00047129795883999836
635.0,0.0,0.0,0.0003406113230684206
640.0,0.0,0.0,0.00023458428485660223
645.0,0.0,0.0,0.0001587605786929718
650.0,0.0,0.0,0.00012066406532972645
655.0,0.0,0.0,0.00010407805863521475
660.0,0.0,0.0,9.65144666612994e-05
665.0,0.0,0.0,9.05973279500612e-05
670.0,0.0,0.0,8.402688182366705e-05
675.0,0.0,0.0,7.623418923553012e-05
680.0,0.0,0.0,6.697353152235221e-05
685.0,0.0,0.0,5.830957287250662e-05
690.0,0.0,0.0,5.653856505159746e-05
695.0,0.0,0.0,6.620582889267959e-05
700.0,0.0,0.0,1.830276110853419e-05
