seed,preprocessing,reached_nest,route_deviation_mean_m,polyline_mean_m,final_nest_distance_m,path_length_m,steps,silent_scans,steps_outside_landmark_field
19,linear_colour,True,0.027217305102912877,0.01473091067587012,0.1444406659460057,7.6000000000000005,76,0,0
19,sobel_colour,True,0.028855262404075363,0.022839462681247154,0.13477287653602704,7.6000000000000005,76,0,0
19,ardin_input,True,0.05044945557479337,0.042798390593960345,0.1993127799664683,7.6000000000000005,76,0,0
31,linear_colour,True,0.03193915636597753,0.024232598929378135,0.13834056816068985,7.6000000000000005,76,0,0
31,sobel_colour,True,0.02869390237406319,0.027348233855508535,0.10867897502481755,7.6000000000000005,76,0,0
31,ardin_input,True,0.0455394613940243,0.03660664863489308,0.17150206981454327,7.6000000000000005,76,0,0
43,linear_colour,True,0.034772772341347104,0.020972646312402424,0.161828409841387,7.6000000000000005,76,0,0
43,sobel_colour,True,0.03736482229081573,0.02511041525487926,0.15600715185968272,7.6000000000000005,76,0,0
43,ardin_input,True,0.045768486520603884,0.03258397564947526,0.16218793080689978,7.6000000000000005,76,0,0
