resolution,mode,seed,preprocessing,reached_nest,route_deviation_mean_m,polyline_mean_m,route_deviation_max_m,final_nest_distance_m,steps,silent_scans,memory_active_fraction
74x18,pixels,19,linear_colour,True,0.027217305102912877,0.01473091067587012,0.05565106095770191,0.1444406659460057,76,0,0.04805988445878029
74x18,pixels,19,sobel_colour,True,0.028855262404075363,0.022839462681247154,0.06280625085172638,0.13477287653602704,76,0,0.04749152064323425
74x18,pixels,19,ardin_input,True,0.05044945557479337,0.042798390593960345,0.08726268766251848,0.1993127799664683,76,0,0.05401298776268959
74x18,pixels,31,linear_colour,True,0.03193915636597753,0.024232598929378135,0.05737316383087795,0.13834056816068985,76,0,0.05193722993135452
74x18,pixels,31,sobel_colour,True,0.02869390237406319,0.027348233855508535,0.0627758090989199,0.10867897502481755,76,0,0.05123521015048027
74x18,pixels,31,ardin_input,True,0.0455394613940243,0.03660664863489308,0.09689624593677554,0.17150206981454327,76,0,0.05429960414767265
74x18,pixels,43,linear_colour,True,0.034772772341347104,0.020972646312402424,0.06477189279790702,0.161828409841387,76,0,0.051114536821842194
74x18,pixels,43,sobel_colour,True,0.03736482229081573,0.02511041525487926,0.06753942649614718,0.15600715185968272,76,0,0.0521271638572216
74x18,pixels,43,ardin_input,True,0.045768486520603884,0.03258397564947526,0.07329660717778703,0.16218793080689978,76,0,0.05420779064297676
149x39,pixels,19,linear_colour,True,0.04222817944485737,0.03934978237757461,0.07723193823245114,0.12340374784001933,76,0,0.04655357077717781
149x39,pixels,19,sobel_colour,True,0.02131334508021128,0.016956793113563406,0.04599841527220256,0.11606398140284227,76,0,0.04750522971153259
149x39,pixels,19,ardin_input,True,0.0352179412741769,0.0315129993820728,0.08273401512631776,0.14665250618643796,76,0,0.05433766171336174
149x39,pixels,31,linear_colour,True,0.04732550901377043,0.04400705427671975,0.07925652213596632,0.12335760508402906,76,0,0.04900757595896721
149x39,pixels,31,sobel_colour,True,0.03620903701683844,0.03213729059897894,0.06234819390298051,0.13215548390658483,76,0,0.049772366881370544
149x39,pixels,31,ardin_input,True,0.022041868704200978,0.015679763835386978,0.04992193274623137,0.12957088412452186,76,0,0.05468849092721939
149x39,pixels,43,linear_colour,True,0.03704730586760243,0.03520428999270228,0.11101080237544754,0.15617558692086989,76,0,0.049088023602962494
149x39,pixels,43,sobel_colour,True,0.015349587033483556,0.013178521187885367,0.08080826465583889,0.1457506805495682,76,0,0.05142676830291748
149x39,pixels,43,ardin_input,True,0.02519330724304318,0.023461171273341398,0.061471560610362325,0.10609736088598212,76,0,0.05545833334326744
199x51,pixels,19,linear_colour,True,0.030460615743720183,0.029139374407747654,0.07624057750781561,0.10775332846107748,76,0,0.046608224511146545
199x51,pixels,19,sobel_colour,True,0.04038214483117966,0.03463808242816654,0.08640828613560446,0.13229339305717366,76,0,0.04727272689342499
199x51,pixels,19,ardin_input,True,0.09280278714450069,0.08903248553046551,0.18082420293121154,0.18061998145053082,76,0,0.05356854200363159
199x51,pixels,31,linear_colour,True,0.04720890129217332,0.04374392513161517,0.09682857940201393,0.18371564714656655,75,0,0.048931095749139786
199x51,pixels,31,sobel_colour,True,0.03392341930868189,0.03157218323617363,0.07787486131128514,0.1378595061964356,76,0,0.049737732857465744
199x51,pixels,31,ardin_input,True,0.022170820275413866,0.01906852739885168,0.04430638205423486,0.11470357636048575,76,0,0.057810425758361816
199x51,pixels,43,linear_colour,True,0.028948936807912596,0.02669791830978598,0.06590216220658773,0.12055641200725976,76,0,0.04881439357995987
199x51,pixels,43,sobel_colour,True,0.03500951802741028,0.02878817696201405,0.07143434538555463,0.13512105015274994,76,0,0.05114321783185005
199x51,pixels,43,ardin_input,True,0.029916253556569197,0.020017555948047043,0.0530421790705137,0.1354738484165391,76,0,0.054737914353609085
149x39,angles,19,linear_colour,True,0.0245292203605338,0.017255984277941307,0.05591871466811205,0.13854510735681083,76,0,0.048399168998003006
149x39,angles,19,sobel_colour,True,0.03706570756569222,0.031207808869343993,0.06329161189285355,0.1267403244946309,76,0,0.0476444810628891
149x39,angles,31,linear_colour,True,0.01819753986954557,0.015065241082103066,0.03728518785550692,0.10425240274979787,76,0,0.05187030881643295
149x39,angles,31,sobel_colour,True,0.05523785732027798,0.05202270244444217,0.11246047876055737,0.16098604000962824,76,0,0.05091017484664917
149x39,angles,43,linear_colour,True,0.03420788910515961,0.027508561304613766,0.0551156933127735,0.13550890928876322,76,0,0.051512446254491806
149x39,angles,43,sobel_colour,True,0.02807156268893635,0.0246100069532964,0.062337608954979994,0.11426393607714747,76,0,0.0523914135992527
199x51,angles,19,linear_colour,True,0.021261616664885113,0.01121276890077313,0.03663057717655134,0.13217700481881361,76,0,0.048314034938812256
199x51,angles,19,sobel_colour,True,0.027187879605062883,0.02210041423651009,0.06924479848071932,0.1429866679066611,76,0,0.04747312515974045
199x51,angles,31,linear_colour,True,0.029800436572440397,0.026945725725461535,0.05974648336299006,0.19889054510749704,75,0,0.05181800201535225
199x51,angles,31,sobel_colour,True,0.04426904111955294,0.04170332739661507,0.08044877198146888,0.13897651201535335,76,0,0.05106168985366821
199x51,angles,43,linear_colour,True,0.01280519685395938,0.009878717805364846,0.029269642869729325,0.1112500787527573,76,0,0.051706891506910324
199x51,angles,43,sobel_colour,True,0.027063291991081408,0.018376764897234697,0.0645267647906057,0.1384560895990328,76,0,0.05241955444216728
