preprocessing,ant,route,reached_nest,steps,route_deviation_mean_m,route_deviation_max_m,memory_active_fraction,corrective_resets,run,trace
apiaviz,5,2,True,82,0.04105013343687281,0.16955332788614086,0.04966415837407112,0,apiaviz/output/paper-baselines/20260929T014349.800124Z-62986,ant-5-route-2-apiaviz.json
gray,5,2,True,81,0.041413607167960734,0.11914239920601616,0.05494528263807297,0,apiaviz/output/paper-baselines/20260929T014349.800124Z-62986,ant-5-route-2-gray.json
raw_colour,5,2,True,82,0.04296749652156989,0.20536767651939372,0.055183734744787216,0,apiaviz/output/paper-baselines/20260929T014349.800124Z-62986,ant-5-route-2-raw_colour.json
opponent,5,2,True,95,0.11920128075176942,0.3912047791279307,0.05345013365149498,0,apiaviz/output/paper-baselines/20260929T014349.800124Z-62986,ant-5-route-2-opponent.json
sobel_colour,5,2,True,106,0.13849797926600052,0.8016868907805688,0.049874331802129745,0,apiaviz/output/paper-baselines/20260929T014349.800124Z-62986,ant-5-route-2-sobel_colour.json
ardin_input,5,2,False,200,1.774774550255474,3.359426951947157,0.055547524243593216,0,apiaviz/output/paper-baselines/20260929T014349.800124Z-62986,ant-5-route-2-ardin_input.json
apiaviz,8,2,False,200,0.37388633785642256,1.1602080911110342,0.04956592991948128,0,apiaviz/output/paper-baselines/20260929T014349.800138Z-62988,ant-8-route-2-apiaviz.json
gray,8,2,True,88,0.20156696612234748,0.8859542231539188,0.055140648037195206,0,apiaviz/output/paper-baselines/20260929T014349.800138Z-62988,ant-8-route-2-gray.json
raw_colour,8,2,True,78,0.04432622468938355,0.12960697796861617,0.05527443811297417,0,apiaviz/output/paper-baselines/20260929T014349.800138Z-62988,ant-8-route-2-raw_colour.json
opponent,8,2,False,200,0.6401268782887403,1.4168495523615758,0.05367809534072876,0,apiaviz/output/paper-baselines/20260929T014349.800138Z-62988,ant-8-route-2-opponent.json
sobel_colour,8,2,True,80,0.04859436951035516,0.11258728178097482,0.04980924725532532,0,apiaviz/output/paper-baselines/20260929T014349.800138Z-62988,ant-8-route-2-sobel_colour.json
ardin_input,8,2,True,116,0.2567116706319069,0.9955253171989134,0.05574788898229599,0,apiaviz/output/paper-baselines/20260929T014349.800138Z-62988,ant-8-route-2-ardin_input.json
apiaviz,11,2,True,76,0.034102029538559675,0.09367573381403639,0.04918939247727394,0,apiaviz/output/paper-baselines/20260929T014349.800161Z-62987,ant-11-route-2-apiaviz.json
gray,11,2,False,200,0.5600936372274615,2.0248365646459274,0.055119048804044724,0,apiaviz/output/paper-baselines/20260929T014349.800161Z-62987,ant-11-route-2-gray.json
raw_colour,11,2,False,200,0.9754840139422101,3.290716337116716,0.05525469034910202,0,apiaviz/output/paper-baselines/20260929T014349.800161Z-62987,ant-11-route-2-raw_colour.json
opponent,11,2,False,200,0.4646781354410361,1.2704772833998257,0.053550686687231064,0,apiaviz/output/paper-baselines/20260929T014349.800161Z-62987,ant-11-route-2-opponent.json
sobel_colour,11,2,True,183,0.5364497499601983,1.7220129441898278,0.04994678869843483,0,apiaviz/output/paper-baselines/20260929T014349.800161Z-62987,ant-11-route-2-sobel_colour.json
ardin_input,11,2,False,200,0.4664262977870045,1.634391229149144,0.05538167431950569,0,apiaviz/output/paper-baselines/20260929T014349.800161Z-62987,ant-11-route-2-ardin_input.json
apiaviz,14,2,True,80,0.012952435393953136,0.03549195333285308,0.04960734024643898,0,apiaviz/output/paper-baselines/20260929T014349.800124Z-62989,ant-14-route-2-apiaviz.json
gray,14,2,True,167,0.522773448444465,1.7502256994215808,0.055000342428684235,0,apiaviz/output/paper-baselines/20260929T014349.800124Z-62989,ant-14-route-2-gray.json
raw_colour,14,2,False,200,0.38948531137158665,1.457277549830262,0.05514146015048027,0,apiaviz/output/paper-baselines/20260929T014349.800124Z-62989,ant-14-route-2-raw_colour.json
opponent,14,2,True,134,0.3488539243016346,1.0864755274951523,0.053594306111335754,0,apiaviz/output/paper-baselines/20260929T014349.800124Z-62989,ant-14-route-2-opponent.json
sobel_colour,14,2,True,81,0.017963436714485352,0.0819096629789046,0.049873970448970795,0,apiaviz/output/paper-baselines/20260929T014349.800124Z-62989,ant-14-route-2-sobel_colour.json
ardin_input,14,2,True,130,0.15996620287391047,0.6623681257713295,0.05535922572016716,0,apiaviz/output/paper-baselines/20260929T014349.800124Z-62989,ant-14-route-2-ardin_input.json
