id,world,seed,method,scenario,controller,phase,memory_views,memory_fingerprint,encoder_fingerprint,training_images_sha256,trace,reached_nest,termination,final_nest_distance_m,steps,path_length_m,time_s,observations,scan_bouts,rotation_deg,polyline_mean_m,route_deviation_mean_m,recovered,recovery_applicable,recovery_path_m,recovery_time_s,disturbance_applied,corrective_resets,elapsed_s
meander-19-linear_colour-aligned-exhaustive-1,meander,19,linear_colour,aligned,exhaustive,1,77,c4d308c821f7a6ac3b63fa4a33ac13597da13eebcb7ba141013c1ba1c65aad8f,c7cac2da39d2c3d8f4cf347255b2d6cf98322eeece62e6d96d252cf794a5541b,576ee0618360d1954851bd0f2a29c696019f9826cb83e81ffaacc581901afe29,meander-19-linear_colour-aligned-exhaustive-1.json,True,arrival,0.14113051041638452,76,7.6000000000000005,226.78888888888875,988,76,18250.0,0.012231484057559715,0.0247998815945038,False,False,,,False,0,13.117663166951388
meander-19-linear_colour-aligned-active-1,meander,19,linear_colour,aligned,active,1,77,c4d308c821f7a6ac3b63fa4a33ac13597da13eebcb7ba141013c1ba1c65aad8f,c7cac2da39d2c3d8f4cf347255b2d6cf98322eeece62e6d96d252cf794a5541b,576ee0618360d1954851bd0f2a29c696019f9826cb83e81ffaacc581901afe29,meander-19-linear_colour-aligned-active-1.json,False,rock_collision,1.8591203250233772,58,5.800000000000001,70.1976064947606,71,3,1556.5691690569324,0.4250969791036214,0.42684165891308,False,False,,,False,0,1.0358264578972012
meander-19-linear_colour-aligned-familiarity-1,meander,19,linear_colour,aligned,familiarity,1,77,c4d308c821f7a6ac3b63fa4a33ac13597da13eebcb7ba141013c1ba1c65aad8f,c7cac2da39d2c3d8f4cf347255b2d6cf98322eeece62e6d96d252cf794a5541b,576ee0618360d1954851bd0f2a29c696019f9826cb83e81ffaacc581901afe29,meander-19-linear_colour-aligned-familiarity-1.json,True,arrival,0.17556454044011494,88,8.8,137.18333333333334,217,17,6900.0,0.10021465364611816,0.1055148941272817,False,False,,,False,0,23.265225749928504
meander-19-linear_colour-aligned-familiarity--1,meander,19,linear_colour,aligned,familiarity,-1,77,c4d308c821f7a6ac3b63fa4a33ac13597da13eebcb7ba141013c1ba1c65aad8f,c7cac2da39d2c3d8f4cf347255b2d6cf98322eeece62e6d96d252cf794a5541b,576ee0618360d1954851bd0f2a29c696019f9826cb83e81ffaacc581901afe29,meander-19-linear_colour-aligned-familiarity--1.json,True,arrival,0.1804428200211955,90,9.0,137.32222222222217,192,16,6790.0,0.10058114891055829,0.10801370307562154,False,False,,,False,0,22.202097041066736
meander-19-linear_colour-left50-exhaustive-1,meander,19,linear_colour,left50,exhaustive,1,77,c4d308c821f7a6ac3b63fa4a33ac13597da13eebcb7ba141013c1ba1c65aad8f,c7cac2da39d2c3d8f4cf347255b2d6cf98322eeece62e6d96d252cf794a5541b,576ee0618360d1954851bd0f2a29c696019f9826cb83e81ffaacc581901afe29,meander-19-linear_colour-left50-exhaustive-1.json,True,arrival,0.1509906243488969,76,7.6000000000000005,226.78888888888864,988,76,18250.0,0.1302839540565667,0.13386772069125205,True,True,2.6,77.51111111111099,False,0,13.124665249837562
meander-19-linear_colour-left50-active-1,meander,19,linear_colour,left50,active,1,77,c4d308c821f7a6ac3b63fa4a33ac13597da13eebcb7ba141013c1ba1c65aad8f,c7cac2da39d2c3d8f4cf347255b2d6cf98322eeece62e6d96d252cf794a5541b,576ee0618360d1954851bd0f2a29c696019f9826cb83e81ffaacc581901afe29,meander-19-linear_colour-left50-active-1.json,False,field_boundary,6.032719447346246,101,10.100000000000001,135.00279844757645,150,12,4770.503720563793,2.7703423181464,2.770837307726117,False,True,,,False,0,2.170286624925211
meander-19-linear_colour-left50-familiarity-1,meander,19,linear_colour,left50,familiarity,1,77,c4d308c821f7a6ac3b63fa4a33ac13597da13eebcb7ba141013c1ba1c65aad8f,c7cac2da39d2c3d8f4cf347255b2d6cf98322eeece62e6d96d252cf794a5541b,576ee0618360d1954851bd0f2a29c696019f9826cb83e81ffaacc581901afe29,meander-19-linear_colour-left50-familiarity-1.json,False,rock_collision,5.321866799938687,25,2.5,38.16666666666668,60,4,1830.0,0.31700757599304064,0.31935430509375884,False,True,,,False,0,6.882467875024304
meander-19-linear_colour-left50-familiarity--1,meander,19,linear_colour,left50,familiarity,-1,77,c4d308c821f7a6ac3b63fa4a33ac13597da13eebcb7ba141013c1ba1c65aad8f,c7cac2da39d2c3d8f4cf347255b2d6cf98322eeece62e6d96d252cf794a5541b,576ee0618360d1954851bd0f2a29c696019f9826cb83e81ffaacc581901afe29,meander-19-linear_colour-left50-familiarity--1.json,False,field_boundary,1.9626565343269322,107,10.700000000000001,170.21111111111162,332,28,8390.0,0.7980449579168265,0.7989716666402409,False,True,,,False,0,31.06208424991928
meander-19-sobel_colour-aligned-exhaustive-1,meander,19,sobel_colour,aligned,exhaustive,1,77,19448f7b25b4e26901c4700b2d41c6a5fa1428ab602b3e9b8a6933429dcb67cc,c7cac2da39d2c3d8f4cf347255b2d6cf98322eeece62e6d96d252cf794a5541b,576ee0618360d1954851bd0f2a29c696019f9826cb83e81ffaacc581901afe29,meander-19-sobel_colour-aligned-exhaustive-1.json,True,arrival,0.1295787900153813,76,7.6000000000000005,226.7888888888887,988,76,18250.0,0.018025259766860396,0.02410510611532875,False,False,,,False,0,9.527317458065227
meander-19-sobel_colour-aligned-active-1,meander,19,sobel_colour,aligned,active,1,77,19448f7b25b4e26901c4700b2d41c6a5fa1428ab602b3e9b8a6933429dcb67cc,c7cac2da39d2c3d8f4cf347255b2d6cf98322eeece62e6d96d252cf794a5541b,576ee0618360d1954851bd0f2a29c696019f9826cb83e81ffaacc581901afe29,meander-19-sobel_colour-aligned-active-1.json,False,rock_collision,3.503852504329892,40,4.0,44.96002237913414,45,1,487.8040282441498,0.1811024806078139,0.18449033133534454,False,False,,,False,0,0.9306879579089582
meander-19-sobel_colour-aligned-familiarity-1,meander,19,sobel_colour,aligned,familiarity,1,77,19448f7b25b4e26901c4700b2d41c6a5fa1428ab602b3e9b8a6933429dcb67cc,c7cac2da39d2c3d8f4cf347255b2d6cf98322eeece62e6d96d252cf794a5541b,576ee0618360d1954851bd0f2a29c696019f9826cb83e81ffaacc581901afe29,meander-19-sobel_colour-aligned-familiarity-1.json,True,arrival,0.19801417566656998,89,8.9,136.29999999999993,186,13,6840.0,0.07471539064243446,0.082417249781803,False,False,,,False,0,22.78252424998209
meander-19-sobel_colour-aligned-familiarity--1,meander,19,sobel_colour,aligned,familiarity,-1,77,19448f7b25b4e26901c4700b2d41c6a5fa1428ab602b3e9b8a6933429dcb67cc,c7cac2da39d2c3d8f4cf347255b2d6cf98322eeece62e6d96d252cf794a5541b,576ee0618360d1954851bd0f2a29c696019f9826cb83e81ffaacc581901afe29,meander-19-sobel_colour-aligned-familiarity--1.json,True,arrival,0.12320367374286254,91,9.1,140.9388888888889,221,19,7000.0,0.11948300811361377,0.12574501620303666,False,False,,,False,0,24.982742625055835
meander-19-sobel_colour-left50-exhaustive-1,meander,19,sobel_colour,left50,exhaustive,1,77,19448f7b25b4e26901c4700b2d41c6a5fa1428ab602b3e9b8a6933429dcb67cc,c7cac2da39d2c3d8f4cf347255b2d6cf98322eeece62e6d96d252cf794a5541b,576ee0618360d1954851bd0f2a29c696019f9826cb83e81ffaacc581901afe29,meander-19-sobel_colour-left50-exhaustive-1.json,True,arrival,0.16313479605949385,77,7.7,229.71666666666647,1001,77,18480.0,0.09126714999471651,0.11078325719521691,True,True,1.8,53.81111111111116,False,0,10.28998079104349
meander-19-sobel_colour-left50-active-1,meander,19,sobel_colour,left50,active,1,77,19448f7b25b4e26901c4700b2d41c6a5fa1428ab602b3e9b8a6933429dcb67cc,c7cac2da39d2c3d8f4cf347255b2d6cf98322eeece62e6d96d252cf794a5541b,576ee0618360d1954851bd0f2a29c696019f9826cb83e81ffaacc581901afe29,meander-19-sobel_colour-left50-active-1.json,False,rock_collision,6.734427435391253,19,1.9000000000000001,27.227994522439737,32,3,1193.0390140391482,0.8537944768195418,0.8543365882321999,False,True,,,False,0,0.3760095830075443
meander-19-sobel_colour-left50-familiarity-1,meander,19,sobel_colour,left50,familiarity,1,77,19448f7b25b4e26901c4700b2d41c6a5fa1428ab602b3e9b8a6933429dcb67cc,c7cac2da39d2c3d8f4cf347255b2d6cf98322eeece62e6d96d252cf794a5541b,576ee0618360d1954851bd0f2a29c696019f9826cb83e81ffaacc581901afe29,meander-19-sobel_colour-left50-familiarity-1.json,False,rock_collision,1.8278415381711794,61,6.1000000000000005,96.0166666666667,197,12,4530.0,0.28888851845919084,0.29199391388899704,True,True,1.3,22.96666666666667,False,0,17.505589958047494
meander-19-sobel_colour-left50-familiarity--1,meander,19,sobel_colour,left50,familiarity,-1,77,19448f7b25b4e26901c4700b2d41c6a5fa1428ab602b3e9b8a6933429dcb67cc,c7cac2da39d2c3d8f4cf347255b2d6cf98322eeece62e6d96d252cf794a5541b,576ee0618360d1954851bd0f2a29c696019f9826cb83e81ffaacc581901afe29,meander-19-sobel_colour-left50-familiarity--1.json,True,arrival,0.1983742763948929,89,8.9,139.26111111111112,263,20,6680.0,0.1414136690286998,0.14557001597377034,True,True,1.1,23.216666666666708,False,0,23.89889887510799
meander-19-ardin_input-aligned-exhaustive-1,meander,19,ardin_input,aligned,exhaustive,1,77,a3c66594395ff1b89e8c9c38f3fe782dec0fd313eea9d6740e9575a5eba85057,c7cac2da39d2c3d8f4cf347255b2d6cf98322eeece62e6d96d252cf794a5541b,576ee0618360d1954851bd0f2a29c696019f9826cb83e81ffaacc581901afe29,meander-19-ardin_input-aligned-exhaustive-1.json,True,arrival,0.13229339305717427,76,7.6000000000000005,226.73333333333315,988,76,18240.0,0.021327169157021174,0.026448289489519262,False,False,,,False,0,10.145852125016972
meander-19-ardin_input-aligned-active-1,meander,19,ardin_input,aligned,active,1,77,a3c66594395ff1b89e8c9c38f3fe782dec0fd313eea9d6740e9575a5eba85057,c7cac2da39d2c3d8f4cf347255b2d6cf98322eeece62e6d96d252cf794a5541b,576ee0618360d1954851bd0f2a29c696019f9826cb83e81ffaacc581901afe29,meander-19-ardin_input-aligned-active-1.json,False,rock_collision,1.8879256368640889,61,6.1000000000000005,66.50658379853259,62,0,433.18508373588486,0.5720936685622267,0.5738312709769806,False,False,,,False,0,0.7427771671209484
meander-19-ardin_input-aligned-familiarity-1,meander,19,ardin_input,aligned,familiarity,1,77,a3c66594395ff1b89e8c9c38f3fe782dec0fd313eea9d6740e9575a5eba85057,c7cac2da39d2c3d8f4cf347255b2d6cf98322eeece62e6d96d252cf794a5541b,576ee0618360d1954851bd0f2a29c696019f9826cb83e81ffaacc581901afe29,meander-19-ardin_input-aligned-familiarity-1.json,False,rock_collision,1.88508181006891,101,10.100000000000001,157.78333333333376,249,17,7980.0,0.35321333100509983,0.3579938215233506,False,False,,,False,0,39.42971275001764
meander-19-ardin_input-aligned-familiarity--1,meander,19,ardin_input,aligned,familiarity,-1,77,a3c66594395ff1b89e8c9c38f3fe782dec0fd313eea9d6740e9575a5eba85057,c7cac2da39d2c3d8f4cf347255b2d6cf98322eeece62e6d96d252cf794a5541b,576ee0618360d1954851bd0f2a29c696019f9826cb83e81ffaacc581901afe29,meander-19-ardin_input-aligned-familiarity--1.json,True,arrival,0.18042680322803928,89,8.9,135.20555555555552,213,17,6400.0,0.08595039005879616,0.09267812886975864,False,False,,,False,0,27.510292874881998
meander-19-ardin_input-left50-exhaustive-1,meander,19,ardin_input,left50,exhaustive,1,77,a3c66594395ff1b89e8c9c38f3fe782dec0fd313eea9d6740e9575a5eba85057,c7cac2da39d2c3d8f4cf347255b2d6cf98322eeece62e6d96d252cf794a5541b,576ee0618360d1954851bd0f2a29c696019f9826cb83e81ffaacc581901afe29,meander-19-ardin_input-left50-exhaustive-1.json,True,arrival,0.16284125119719192,76,7.6000000000000005,226.78888888888866,988,76,18250.0,0.1730280580146908,0.17633341235388247,True,True,6.0,179.05555555555515,False,0,11.221901125041768
meander-19-ardin_input-left50-active-1,meander,19,ardin_input,left50,active,1,77,a3c66594395ff1b89e8c9c38f3fe782dec0fd313eea9d6740e9575a5eba85057,c7cac2da39d2c3d8f4cf347255b2d6cf98322eeece62e6d96d252cf794a5541b,576ee0618360d1954851bd0f2a29c696019f9826cb83e81ffaacc581901afe29,meander-19-ardin_input-left50-active-1.json,False,rock_collision,3.2621281114099743,42,4.2,45.42915733127415,43,0,230.2483196293512,0.1956434346971232,0.20408440865964272,True,True,1.8,19.547948972183,False,0,0.6063911251258105
meander-19-ardin_input-left50-familiarity-1,meander,19,ardin_input,left50,familiarity,1,77,a3c66594395ff1b89e8c9c38f3fe782dec0fd313eea9d6740e9575a5eba85057,c7cac2da39d2c3d8f4cf347255b2d6cf98322eeece62e6d96d252cf794a5541b,576ee0618360d1954851bd0f2a29c696019f9826cb83e81ffaacc581901afe29,meander-19-ardin_input-left50-familiarity-1.json,False,field_boundary,1.2828815220445005,102,10.200000000000001,166.4500000000005,319,22,8730.0,0.21006092010689756,0.21635138812400997,True,True,2.1,35.083333333333385,False,0,32.063402000116184
meander-19-ardin_input-left50-familiarity--1,meander,19,ardin_input,left50,familiarity,-1,77,a3c66594395ff1b89e8c9c38f3fe782dec0fd313eea9d6740e9575a5eba85057,c7cac2da39d2c3d8f4cf347255b2d6cf98322eeece62e6d96d252cf794a5541b,576ee0618360d1954851bd0f2a29c696019f9826cb83e81ffaacc581901afe29,meander-19-ardin_input-left50-familiarity--1.json,False,field_boundary,1.9646130243448967,114,11.4,186.10555555555624,321,20,10090.0,0.43026711507407345,0.4325791040820198,True,True,0.9,12.766666666666664,False,0,32.31147241592407
bend-19-linear_colour-aligned-exhaustive-1,bend,19,linear_colour,aligned,exhaustive,1,77,91aed69733c4698e4d04b9ecdf4c14905c09961c8e237cf500d33f93c1666a08,c7cac2da39d2c3d8f4cf347255b2d6cf98322eeece62e6d96d252cf794a5541b,6ab608704da722556cf5151cad7bb20a95a5d1d7fd5971e8f82580748ff92647,bend-19-linear_colour-aligned-exhaustive-1.json,True,arrival,0.15061512666379348,76,7.6000000000000005,227.28888888888875,988,76,18340.0,0.019483327605286104,0.03393334732128921,False,False,,,False,0,13.867629165994003
bend-19-linear_colour-aligned-active-1,bend,19,linear_colour,aligned,active,1,77,91aed69733c4698e4d04b9ecdf4c14905c09961c8e237cf500d33f93c1666a08,c7cac2da39d2c3d8f4cf347255b2d6cf98322eeece62e6d96d252cf794a5541b,6ab608704da722556cf5151cad7bb20a95a5d1d7fd5971e8f82580748ff92647,bend-19-linear_colour-aligned-active-1.json,True,arrival,0.18476729778487663,79,7.9,88.18244350611265,87,2,869.8398311003115,0.16700624197780184,0.16871438878295175,False,False,,,False,0,1.2847947080153972
bend-19-linear_colour-aligned-familiarity-1,bend,19,linear_colour,aligned,familiarity,1,77,91aed69733c4698e4d04b9ecdf4c14905c09961c8e237cf500d33f93c1666a08,c7cac2da39d2c3d8f4cf347255b2d6cf98322eeece62e6d96d252cf794a5541b,6ab608704da722556cf5151cad7bb20a95a5d1d7fd5971e8f82580748ff92647,bend-19-linear_colour-aligned-familiarity-1.json,True,arrival,0.1620990998469082,90,9.0,136.26666666666662,192,16,6600.0,0.05466205701245213,0.06367807930968448,False,False,,,False,0,21.42326549999416
bend-19-linear_colour-aligned-familiarity--1,bend,19,linear_colour,aligned,familiarity,-1,77,91aed69733c4698e4d04b9ecdf4c14905c09961c8e237cf500d33f93c1666a08,c7cac2da39d2c3d8f4cf347255b2d6cf98322eeece62e6d96d252cf794a5541b,6ab608704da722556cf5151cad7bb20a95a5d1d7fd5971e8f82580748ff92647,bend-19-linear_colour-aligned-familiarity--1.json,True,arrival,0.19083346602550996,90,9.0,133.76666666666657,222,20,5880.0,0.10080891711006239,0.10660742807305025,False,False,,,False,0,21.23072229209356
bend-19-linear_colour-left50-exhaustive-1,bend,19,linear_colour,left50,exhaustive,1,77,91aed69733c4698e4d04b9ecdf4c14905c09961c8e237cf500d33f93c1666a08,c7cac2da39d2c3d8f4cf347255b2d6cf98322eeece62e6d96d252cf794a5541b,6ab608704da722556cf5151cad7bb20a95a5d1d7fd5971e8f82580748ff92647,bend-19-linear_colour-left50-exhaustive-1.json,False,rock_collision,4.845814246141675,15,1.5,46.90000000000007,208,16,3870.0,0.4546780365124408,0.4551535713067231,False,True,,,False,0,2.996617625001818
bend-19-linear_colour-left50-active-1,bend,19,linear_colour,left50,active,1,77,91aed69733c4698e4d04b9ecdf4c14905c09961c8e237cf500d33f93c1666a08,c7cac2da39d2c3d8f4cf347255b2d6cf98322eeece62e6d96d252cf794a5541b,6ab608704da722556cf5151cad7bb20a95a5d1d7fd5971e8f82580748ff92647,bend-19-linear_colour-left50-active-1.json,False,rock_collision,4.5756085167989005,17,1.7000000000000002,20.97729006308173,22,1,517.9122113547093,0.5664931552904415,0.5671344878471931,False,True,,,False,0,0.5075100841931999
bend-19-linear_colour-left50-familiarity-1,bend,19,linear_colour,left50,familiarity,1,77,91aed69733c4698e4d04b9ecdf4c14905c09961c8e237cf500d33f93c1666a08,c7cac2da39d2c3d8f4cf347255b2d6cf98322eeece62e6d96d252cf794a5541b,6ab608704da722556cf5151cad7bb20a95a5d1d7fd5971e8f82580748ff92647,bend-19-linear_colour-left50-familiarity-1.json,False,rock_collision,4.867770684990196,17,1.7000000000000002,33.71111111111113,102,6,2090.0,0.5313909588647606,0.5317516363876401,False,True,,,False,0,5.8291521249338984
bend-19-linear_colour-left50-familiarity--1,bend,19,linear_colour,left50,familiarity,-1,77,91aed69733c4698e4d04b9ecdf4c14905c09961c8e237cf500d33f93c1666a08,c7cac2da39d2c3d8f4cf347255b2d6cf98322eeece62e6d96d252cf794a5541b,6ab608704da722556cf5151cad7bb20a95a5d1d7fd5971e8f82580748ff92647,bend-19-linear_colour-left50-familiarity--1.json,False,rock_collision,4.860521261003774,52,5.2,89.2833333333332,169,11,5190.0,0.3635469879654506,0.36661428823587694,True,True,2.5,43.9222222222222,False,0,12.809602875029668
bend-19-sobel_colour-aligned-exhaustive-1,bend,19,sobel_colour,aligned,exhaustive,1,77,8cd561cbf9b6212f5c67b2b884d709563412d44a86be6cd4a08b9b915f3f0ba4,c7cac2da39d2c3d8f4cf347255b2d6cf98322eeece62e6d96d252cf794a5541b,6ab608704da722556cf5151cad7bb20a95a5d1d7fd5971e8f82580748ff92647,bend-19-sobel_colour-aligned-exhaustive-1.json,True,arrival,0.15775055792597542,76,7.6000000000000005,227.23333333333323,988,76,18330.0,0.021200979279028795,0.03905629173725675,False,False,,,False,0,9.944026499986649
bend-19-sobel_colour-aligned-active-1,bend,19,sobel_colour,aligned,active,1,77,8cd561cbf9b6212f5c67b2b884d709563412d44a86be6cd4a08b9b915f3f0ba4,c7cac2da39d2c3d8f4cf347255b2d6cf98322eeece62e6d96d252cf794a5541b,6ab608704da722556cf5151cad7bb20a95a5d1d7fd5971e8f82580748ff92647,bend-19-sobel_colour-aligned-active-1.json,False,rock_collision,0.3698493037486193,83,8.3,90.8010801759859,84,0,648.1944316774877,0.2274816066396284,0.22924037006212264,False,False,,,False,0,1.1029368329327554
bend-19-sobel_colour-aligned-familiarity-1,bend,19,sobel_colour,aligned,familiarity,1,77,8cd561cbf9b6212f5c67b2b884d709563412d44a86be6cd4a08b9b915f3f0ba4,c7cac2da39d2c3d8f4cf347255b2d6cf98322eeece62e6d96d252cf794a5541b,6ab608704da722556cf5151cad7bb20a95a5d1d7fd5971e8f82580748ff92647,bend-19-sobel_colour-aligned-familiarity-1.json,False,rock_collision,4.3602344092490775,53,5.300000000000001,81.78888888888883,118,8,4120.0,0.2800899636326467,0.282952027075862,False,False,,,False,0,13.447253125021234
bend-19-sobel_colour-aligned-familiarity--1,bend,19,sobel_colour,aligned,familiarity,-1,77,8cd561cbf9b6212f5c67b2b884d709563412d44a86be6cd4a08b9b915f3f0ba4,c7cac2da39d2c3d8f4cf347255b2d6cf98322eeece62e6d96d252cf794a5541b,6ab608704da722556cf5151cad7bb20a95a5d1d7fd5971e8f82580748ff92647,bend-19-sobel_colour-aligned-familiarity--1.json,True,arrival,0.15938541631738146,93,9.3,143.76111111111123,223,17,7130.0,0.1111975092603556,0.11574932504161108,False,False,,,False,0,22.243088957853615
bend-19-sobel_colour-left50-exhaustive-1,bend,19,sobel_colour,left50,exhaustive,1,77,8cd561cbf9b6212f5c67b2b884d709563412d44a86be6cd4a08b9b915f3f0ba4,c7cac2da39d2c3d8f4cf347255b2d6cf98322eeece62e6d96d252cf794a5541b,6ab608704da722556cf5151cad7bb20a95a5d1d7fd5971e8f82580748ff92647,bend-19-sobel_colour-left50-exhaustive-1.json,False,rock_collision,4.618799514395953,17,1.7000000000000002,52.922222222222274,234,18,4360.0,0.48070346420077686,0.48098249059300935,False,True,,,False,0,2.4434805000200868
bend-19-sobel_colour-left50-active-1,bend,19,sobel_colour,left50,active,1,77,8cd561cbf9b6212f5c67b2b884d709563412d44a86be6cd4a08b9b915f3f0ba4,c7cac2da39d2c3d8f4cf347255b2d6cf98322eeece62e6d96d252cf794a5541b,6ab608704da722556cf5151cad7bb20a95a5d1d7fd5971e8f82580748ff92647,bend-19-sobel_colour-left50-active-1.json,False,rock_collision,4.399414489794463,19,1.9000000000000001,24.690982780226204,28,2,772.3769004407131,0.5786323322819729,0.5790981321843829,False,True,,,False,0,0.30581029201857746
bend-19-sobel_colour-left50-familiarity-1,bend,19,sobel_colour,left50,familiarity,1,77,8cd561cbf9b6212f5c67b2b884d709563412d44a86be6cd4a08b9b915f3f0ba4,c7cac2da39d2c3d8f4cf347255b2d6cf98322eeece62e6d96d252cf794a5541b,6ab608704da722556cf5151cad7bb20a95a5d1d7fd5971e8f82580748ff92647,bend-19-sobel_colour-left50-familiarity-1.json,False,rock_collision,4.6111015291663,50,5.0,86.97222222222221,215,13,4720.0,0.2963354610652371,0.3004404480838729,True,True,1.8,33.533333333333374,False,0,13.959152375115082
bend-19-sobel_colour-left50-familiarity--1,bend,19,sobel_colour,left50,familiarity,-1,77,8cd561cbf9b6212f5c67b2b884d709563412d44a86be6cd4a08b9b915f3f0ba4,c7cac2da39d2c3d8f4cf347255b2d6cf98322eeece62e6d96d252cf794a5541b,6ab608704da722556cf5151cad7bb20a95a5d1d7fd5971e8f82580748ff92647,bend-19-sobel_colour-left50-familiarity--1.json,False,field_boundary,8.265964052749371,96,9.600000000000001,168.64444444444484,414,31,9350.0,2.094603509196344,2.095184153462939,True,True,1.7000000000000002,32.64444444444448,False,0,24.76876224996522
bend-19-ardin_input-aligned-exhaustive-1,bend,19,ardin_input,aligned,exhaustive,1,77,11ed271b4bdb7ccf56205aa9f7dcaa798a1f8a2c7f041e8b0d062c3e233634e2,c7cac2da39d2c3d8f4cf347255b2d6cf98322eeece62e6d96d252cf794a5541b,6ab608704da722556cf5151cad7bb20a95a5d1d7fd5971e8f82580748ff92647,bend-19-ardin_input-aligned-exhaustive-1.json,True,arrival,0.15561205738308165,76,7.6000000000000005,227.23333333333326,988,76,18330.0,0.03183405873054286,0.03795660908819789,False,False,,,False,0,9.748755791923031
bend-19-ardin_input-aligned-active-1,bend,19,ardin_input,aligned,active,1,77,11ed271b4bdb7ccf56205aa9f7dcaa798a1f8a2c7f041e8b0d062c3e233634e2,c7cac2da39d2c3d8f4cf347255b2d6cf98322eeece62e6d96d252cf794a5541b,6ab608704da722556cf5151cad7bb20a95a5d1d7fd5971e8f82580748ff92647,bend-19-ardin_input-aligned-active-1.json,False,rock_collision,4.994321002191318,32,3.2,35.02013814052017,33,0,246.62486529363014,0.13607868042638901,0.13706991346377817,False,False,,,False,0,0.37042537494562566
bend-19-ardin_input-aligned-familiarity-1,bend,19,ardin_input,aligned,familiarity,1,77,11ed271b4bdb7ccf56205aa9f7dcaa798a1f8a2c7f041e8b0d062c3e233634e2,c7cac2da39d2c3d8f4cf347255b2d6cf98322eeece62e6d96d252cf794a5541b,6ab608704da722556cf5151cad7bb20a95a5d1d7fd5971e8f82580748ff92647,bend-19-ardin_input-aligned-familiarity-1.json,False,field_boundary,6.0769272834643635,103,10.3,178.35000000000053,367,27,10260.0,1.4747874306718418,1.4768031546992293,False,False,,,False,0,28.17134654102847
bend-19-ardin_input-aligned-familiarity--1,bend,19,ardin_input,aligned,familiarity,-1,77,11ed271b4bdb7ccf56205aa9f7dcaa798a1f8a2c7f041e8b0d062c3e233634e2,c7cac2da39d2c3d8f4cf347255b2d6cf98322eeece62e6d96d252cf794a5541b,6ab608704da722556cf5151cad7bb20a95a5d1d7fd5971e8f82580748ff92647,bend-19-ardin_input-aligned-familiarity--1.json,True,arrival,0.1597469851822566,98,9.8,163.36111111111146,325,22,8840.0,0.1945428519933806,0.1974872396262897,False,False,,,False,0,22.06482758303173
bend-19-ardin_input-left50-exhaustive-1,bend,19,ardin_input,left50,exhaustive,1,77,11ed271b4bdb7ccf56205aa9f7dcaa798a1f8a2c7f041e8b0d062c3e233634e2,c7cac2da39d2c3d8f4cf347255b2d6cf98322eeece62e6d96d252cf794a5541b,6ab608704da722556cf5151cad7bb20a95a5d1d7fd5971e8f82580748ff92647,bend-19-ardin_input-left50-exhaustive-1.json,False,rock_collision,4.868933292247423,9,0.9,28.833333333333467,130,10,2400.0,0.7999627148789599,0.8007021691746927,False,True,,,False,0,1.3006513328291476
bend-19-ardin_input-left50-active-1,bend,19,ardin_input,left50,active,1,77,11ed271b4bdb7ccf56205aa9f7dcaa798a1f8a2c7f041e8b0d062c3e233634e2,c7cac2da39d2c3d8f4cf347255b2d6cf98322eeece62e6d96d252cf794a5541b,6ab608704da722556cf5151cad7bb20a95a5d1d7fd5971e8f82580748ff92647,bend-19-ardin_input-left50-active-1.json,False,rock_collision,4.243923503620356,19,1.9000000000000001,25.28276989925936,28,2,878.8985818666823,0.7241236996256671,0.7244318214162374,False,True,,,False,0,0.34310825006105006
bend-19-ardin_input-left50-familiarity-1,bend,19,ardin_input,left50,familiarity,1,77,11ed271b4bdb7ccf56205aa9f7dcaa798a1f8a2c7f041e8b0d062c3e233634e2,c7cac2da39d2c3d8f4cf347255b2d6cf98322eeece62e6d96d252cf794a5541b,6ab608704da722556cf5151cad7bb20a95a5d1d7fd5971e8f82580748ff92647,bend-19-ardin_input-left50-familiarity-1.json,False,rock_collision,4.87398342121932,7,0.7000000000000001,18.755555555555567,84,3,1360.0,0.7509200272225858,0.7513924391348036,False,True,,,False,0,2.568320417078212
bend-19-ardin_input-left50-familiarity--1,bend,19,ardin_input,left50,familiarity,-1,77,11ed271b4bdb7ccf56205aa9f7dcaa798a1f8a2c7f041e8b0d062c3e233634e2,c7cac2da39d2c3d8f4cf347255b2d6cf98322eeece62e6d96d252cf794a5541b,6ab608704da722556cf5151cad7bb20a95a5d1d7fd5971e8f82580748ff92647,bend-19-ardin_input-left50-familiarity--1.json,False,rock_collision,4.896860020867721,7,0.7000000000000001,18.31111111111112,84,3,1280.0,0.7441811832059785,0.7451504440686806,False,True,,,False,0,1.8483553749974817
hairpin-19-linear_colour-aligned-exhaustive-1,hairpin,19,linear_colour,aligned,exhaustive,1,91,b8b8f2457481f98ad8430decff545b29bfa77777038cbad104505c834e0305bc,c7cac2da39d2c3d8f4cf347255b2d6cf98322eeece62e6d96d252cf794a5541b,f67e7c2727811422fa6af09230f4aa5066a31710a4b56f5989f3ab85fa5c403a,hairpin-19-linear_colour-aligned-exhaustive-1.json,True,arrival,0.16326178865244512,90,9.0,269.5555555555553,1170,90,21790.0,0.01603028948616955,0.04076191617699677,False,False,,,False,0,17.277966666035354
hairpin-19-linear_colour-aligned-active-1,hairpin,19,linear_colour,aligned,active,1,91,b8b8f2457481f98ad8430decff545b29bfa77777038cbad104505c834e0305bc,c7cac2da39d2c3d8f4cf347255b2d6cf98322eeece62e6d96d252cf794a5541b,f67e7c2727811422fa6af09230f4aa5066a31710a4b56f5989f3ab85fa5c403a,hairpin-19-linear_colour-aligned-active-1.json,False,rock_collision,5.462581148335505,42,4.2,51.947339971170976,55,3,1295.5211948107876,0.2983370721766678,0.2992898592386892,False,False,,,False,0,0.9496474999468774
hairpin-19-linear_colour-aligned-familiarity-1,hairpin,19,linear_colour,aligned,familiarity,1,91,b8b8f2457481f98ad8430decff545b29bfa77777038cbad104505c834e0305bc,c7cac2da39d2c3d8f4cf347255b2d6cf98322eeece62e6d96d252cf794a5541b,f67e7c2727811422fa6af09230f4aa5066a31710a4b56f5989f3ab85fa5c403a,hairpin-19-linear_colour-aligned-familiarity-1.json,True,arrival,0.1705284688992939,117,11.700000000000001,193.79444444444525,357,23,10610.0,0.14281308788397468,0.1476632052404596,False,False,,,False,0,31.91254408401437
hairpin-19-linear_colour-aligned-familiarity--1,hairpin,19,linear_colour,aligned,familiarity,-1,91,b8b8f2457481f98ad8430decff545b29bfa77777038cbad104505c834e0305bc,c7cac2da39d2c3d8f4cf347255b2d6cf98322eeece62e6d96d252cf794a5541b,f67e7c2727811422fa6af09230f4aa5066a31710a4b56f5989f3ab85fa5c403a,hairpin-19-linear_colour-aligned-familiarity--1.json,False,rock_collision,4.150974924519413,121,12.100000000000001,193.90555555555622,307,22,10360.0,0.5760004981393209,0.5777531823470391,False,False,,,False,0,32.182339292019606
hairpin-19-linear_colour-left50-exhaustive-1,hairpin,19,linear_colour,left50,exhaustive,1,91,b8b8f2457481f98ad8430decff545b29bfa77777038cbad104505c834e0305bc,c7cac2da39d2c3d8f4cf347255b2d6cf98322eeece62e6d96d252cf794a5541b,f67e7c2727811422fa6af09230f4aa5066a31710a4b56f5989f3ab85fa5c403a,hairpin-19-linear_colour-left50-exhaustive-1.json,False,rock_collision,3.309827459944467,0,0.0,1.9277777777777785,13,1,230.0,,,False,True,,,False,0,0.2971062499564141
hairpin-19-linear_colour-left50-active-1,hairpin,19,linear_colour,left50,active,1,91,b8b8f2457481f98ad8430decff545b29bfa77777038cbad104505c834e0305bc,c7cac2da39d2c3d8f4cf347255b2d6cf98322eeece62e6d96d252cf794a5541b,f67e7c2727811422fa6af09230f4aa5066a31710a4b56f5989f3ab85fa5c403a,hairpin-19-linear_colour-left50-active-1.json,False,rock_collision,3.309827459944467,0,0.0,0.13745158318406853,1,0,15.741284973132338,,,False,True,,,False,0,0.04732870799489319
hairpin-19-linear_colour-left50-familiarity-1,hairpin,19,linear_colour,left50,familiarity,1,91,b8b8f2457481f98ad8430decff545b29bfa77777038cbad104505c834e0305bc,c7cac2da39d2c3d8f4cf347255b2d6cf98322eeece62e6d96d252cf794a5541b,f67e7c2727811422fa6af09230f4aa5066a31710a4b56f5989f3ab85fa5c403a,hairpin-19-linear_colour-left50-familiarity-1.json,False,rock_collision,3.309827459944467,0,0.0,2.3111111111111113,14,1,290.0,,,False,True,,,False,0,0.29944770806469023
hairpin-19-linear_colour-left50-familiarity--1,hairpin,19,linear_colour,left50,familiarity,-1,91,b8b8f2457481f98ad8430decff545b29bfa77777038cbad104505c834e0305bc,c7cac2da39d2c3d8f4cf347255b2d6cf98322eeece62e6d96d252cf794a5541b,f67e7c2727811422fa6af09230f4aa5066a31710a4b56f5989f3ab85fa5c403a,hairpin-19-linear_colour-left50-familiarity--1.json,False,rock_collision,3.309827459944467,0,0.0,2.2,14,1,270.0,,,False,True,,,False,0,0.278613958042115
hairpin-19-sobel_colour-aligned-exhaustive-1,hairpin,19,sobel_colour,aligned,exhaustive,1,91,a2bd23e77543f2840a982cdfff2191e92cec337b3373f2483f6bea1d5bae4e06,c7cac2da39d2c3d8f4cf347255b2d6cf98322eeece62e6d96d252cf794a5541b,f67e7c2727811422fa6af09230f4aa5066a31710a4b56f5989f3ab85fa5c403a,hairpin-19-sobel_colour-aligned-exhaustive-1.json,True,arrival,0.12610237152758288,91,9.1,272.5944444444442,1183,91,22040.0,0.032011837178765976,0.03981083759722088,False,False,,,False,0,12.580210166983306
hairpin-19-sobel_colour-aligned-active-1,hairpin,19,sobel_colour,aligned,active,1,91,a2bd23e77543f2840a982cdfff2191e92cec337b3373f2483f6bea1d5bae4e06,c7cac2da39d2c3d8f4cf347255b2d6cf98322eeece62e6d96d252cf794a5541b,f67e7c2727811422fa6af09230f4aa5066a31710a4b56f5989f3ab85fa5c403a,hairpin-19-sobel_colour-aligned-active-1.json,False,field_boundary,2.207137216272524,119,11.9,136.39702689999675,136,4,1907.4648419994437,0.3884431595539149,0.38982912770396105,False,False,,,False,0,1.513025667052716
hairpin-19-sobel_colour-aligned-familiarity-1,hairpin,19,sobel_colour,aligned,familiarity,1,91,a2bd23e77543f2840a982cdfff2191e92cec337b3373f2483f6bea1d5bae4e06,c7cac2da39d2c3d8f4cf347255b2d6cf98322eeece62e6d96d252cf794a5541b,f67e7c2727811422fa6af09230f4aa5066a31710a4b56f5989f3ab85fa5c403a,hairpin-19-sobel_colour-aligned-familiarity-1.json,True,arrival,0.18466388891825294,112,11.200000000000001,172.55000000000047,261,20,8550.0,0.07496494919384726,0.08339141359938661,False,False,,,False,0,27.28085929201916
hairpin-19-sobel_colour-aligned-familiarity--1,hairpin,19,sobel_colour,aligned,familiarity,-1,91,a2bd23e77543f2840a982cdfff2191e92cec337b3373f2483f6bea1d5bae4e06,c7cac2da39d2c3d8f4cf347255b2d6cf98322eeece62e6d96d252cf794a5541b,f67e7c2727811422fa6af09230f4aa5066a31710a4b56f5989f3ab85fa5c403a,hairpin-19-sobel_colour-aligned-familiarity--1.json,False,rock_collision,3.760799306077837,101,10.100000000000001,164.94444444444483,270,18,9080.0,0.21958622962390878,0.22195121450791092,False,False,,,False,0,26.38438579090871
hairpin-19-sobel_colour-left50-exhaustive-1,hairpin,19,sobel_colour,left50,exhaustive,1,91,a2bd23e77543f2840a982cdfff2191e92cec337b3373f2483f6bea1d5bae4e06,c7cac2da39d2c3d8f4cf347255b2d6cf98322eeece62e6d96d252cf794a5541b,f67e7c2727811422fa6af09230f4aa5066a31710a4b56f5989f3ab85fa5c403a,hairpin-19-sobel_colour-left50-exhaustive-1.json,False,rock_collision,3.309827459944467,0,0.0,1.9277777777777785,13,1,230.0,,,False,True,,,False,0,0.1886602498125285
hairpin-19-sobel_colour-left50-active-1,hairpin,19,sobel_colour,left50,active,1,91,a2bd23e77543f2840a982cdfff2191e92cec337b3373f2483f6bea1d5bae4e06,c7cac2da39d2c3d8f4cf347255b2d6cf98322eeece62e6d96d252cf794a5541b,f67e7c2727811422fa6af09230f4aa5066a31710a4b56f5989f3ab85fa5c403a,hairpin-19-sobel_colour-left50-active-1.json,False,rock_collision,3.309827459944467,0,0.0,0.09934092930382044,1,0,8.881367274687676,,,False,True,,,False,0,0.035424540983513
hairpin-19-sobel_colour-left50-familiarity-1,hairpin,19,sobel_colour,left50,familiarity,1,91,a2bd23e77543f2840a982cdfff2191e92cec337b3373f2483f6bea1d5bae4e06,c7cac2da39d2c3d8f4cf347255b2d6cf98322eeece62e6d96d252cf794a5541b,f67e7c2727811422fa6af09230f4aa5066a31710a4b56f5989f3ab85fa5c403a,hairpin-19-sobel_colour-left50-familiarity-1.json,False,rock_collision,3.309827459944467,0,0.0,2.3111111111111113,14,1,290.0,,,False,True,,,False,0,0.16905391588807106
hairpin-19-sobel_colour-left50-familiarity--1,hairpin,19,sobel_colour,left50,familiarity,-1,91,a2bd23e77543f2840a982cdfff2191e92cec337b3373f2483f6bea1d5bae4e06,c7cac2da39d2c3d8f4cf347255b2d6cf98322eeece62e6d96d252cf794a5541b,f67e7c2727811422fa6af09230f4aa5066a31710a4b56f5989f3ab85fa5c403a,hairpin-19-sobel_colour-left50-familiarity--1.json,False,rock_collision,3.309827459944467,0,0.0,2.2,14,1,270.0,,,False,True,,,False,0,0.16763820918276906
hairpin-19-ardin_input-aligned-exhaustive-1,hairpin,19,ardin_input,aligned,exhaustive,1,91,23f6b4984761c636a6cf5304b1b9ffa8b2afdb7247ff4bde02837ead6c7e4bf1,c7cac2da39d2c3d8f4cf347255b2d6cf98322eeece62e6d96d252cf794a5541b,f67e7c2727811422fa6af09230f4aa5066a31710a4b56f5989f3ab85fa5c403a,hairpin-19-ardin_input-aligned-exhaustive-1.json,True,arrival,0.18066307552437044,90,9.0,269.5555555555553,1170,90,21790.0,0.02472800793571223,0.0376748826523443,False,False,,,False,0,12.711030292091891
hairpin-19-ardin_input-aligned-active-1,hairpin,19,ardin_input,aligned,active,1,91,23f6b4984761c636a6cf5304b1b9ffa8b2afdb7247ff4bde02837ead6c7e4bf1,c7cac2da39d2c3d8f4cf347255b2d6cf98322eeece62e6d96d252cf794a5541b,f67e7c2727811422fa6af09230f4aa5066a31710a4b56f5989f3ab85fa5c403a,hairpin-19-ardin_input-aligned-active-1.json,False,rock_collision,5.956151761886195,54,5.4,67.0212302458055,71,4,1704.8214442450071,0.5435696158422424,0.5444577058147984,False,False,,,False,0,0.8508059580344707
hairpin-19-ardin_input-aligned-familiarity-1,hairpin,19,ardin_input,aligned,familiarity,1,91,23f6b4984761c636a6cf5304b1b9ffa8b2afdb7247ff4bde02837ead6c7e4bf1,c7cac2da39d2c3d8f4cf347255b2d6cf98322eeece62e6d96d252cf794a5541b,f67e7c2727811422fa6af09230f4aa5066a31710a4b56f5989f3ab85fa5c403a,hairpin-19-ardin_input-aligned-familiarity-1.json,False,uninformative_views,2.613913728318667,82,8.200000000000001,158.90555555555548,437,23,9910.0,0.052552673221635024,0.060146156082229535,False,False,,,False,0,21.863980875117704
hairpin-19-ardin_input-aligned-familiarity--1,hairpin,19,ardin_input,aligned,familiarity,-1,91,23f6b4984761c636a6cf5304b1b9ffa8b2afdb7247ff4bde02837ead6c7e4bf1,c7cac2da39d2c3d8f4cf347255b2d6cf98322eeece62e6d96d252cf794a5541b,f67e7c2727811422fa6af09230f4aa5066a31710a4b56f5989f3ab85fa5c403a,hairpin-19-ardin_input-aligned-familiarity--1.json,False,uninformative_views,3.7411747210767463,135,13.5,267.1944444444454,715,31,17360.0,0.6828703794581574,0.6849898865170021,False,False,,,False,0,38.40150812501088
hairpin-19-ardin_input-left50-exhaustive-1,hairpin,19,ardin_input,left50,exhaustive,1,91,23f6b4984761c636a6cf5304b1b9ffa8b2afdb7247ff4bde02837ead6c7e4bf1,c7cac2da39d2c3d8f4cf347255b2d6cf98322eeece62e6d96d252cf794a5541b,f67e7c2727811422fa6af09230f4aa5066a31710a4b56f5989f3ab85fa5c403a,hairpin-19-ardin_input-left50-exhaustive-1.json,False,rock_collision,3.309827459944467,0,0.0,2.094444444444445,13,1,260.0,,,False,True,,,False,0,0.19996904209256172
hairpin-19-ardin_input-left50-active-1,hairpin,19,ardin_input,left50,active,1,91,23f6b4984761c636a6cf5304b1b9ffa8b2afdb7247ff4bde02837ead6c7e4bf1,c7cac2da39d2c3d8f4cf347255b2d6cf98322eeece62e6d96d252cf794a5541b,f67e7c2727811422fa6af09230f4aa5066a31710a4b56f5989f3ab85fa5c403a,hairpin-19-ardin_input-left50-active-1.json,False,rock_collision,3.309827459944467,0,0.0,0.11950758717440649,1,0,12.511365691393166,,,False,True,,,False,0,0.03848716686479747
hairpin-19-ardin_input-left50-familiarity-1,hairpin,19,ardin_input,left50,familiarity,1,91,23f6b4984761c636a6cf5304b1b9ffa8b2afdb7247ff4bde02837ead6c7e4bf1,c7cac2da39d2c3d8f4cf347255b2d6cf98322eeece62e6d96d252cf794a5541b,f67e7c2727811422fa6af09230f4aa5066a31710a4b56f5989f3ab85fa5c403a,hairpin-19-ardin_input-left50-familiarity-1.json,False,rock_collision,3.309827459944467,0,0.0,2.144444444444445,14,1,260.0,,,False,True,,,False,0,0.2007982910145074
hairpin-19-ardin_input-left50-familiarity--1,hairpin,19,ardin_input,left50,familiarity,-1,91,23f6b4984761c636a6cf5304b1b9ffa8b2afdb7247ff4bde02837ead6c7e4bf1,c7cac2da39d2c3d8f4cf347255b2d6cf98322eeece62e6d96d252cf794a5541b,f67e7c2727811422fa6af09230f4aa5066a31710a4b56f5989f3ab85fa5c403a,hairpin-19-ardin_input-left50-familiarity--1.json,False,rock_collision,3.309827459944467,0,0.0,2.366666666666667,14,1,300.0,,,False,True,,,False,0,0.19360170816071332
