run,run_status,role,encoder,code_dim,trigger_sparsity,current_gain,time_bin_ms,inhibition_delay_ms,memory,effective_memory_code,ant,route,lookahead_m,teaching_rule,start_lateral_m,start_heading_deg,memory_views,memory_active_fraction,reached_nest,steps,route_deviation_mean_m,route_deviation_max_m,final_nest_distance_m,path_length_m,corrective_resets
20260928T233456.687777Z,complete,development,checkpoint,4000,0.05,,,,population,binary,1,1,0.0,parallel,0,0,720,0.048803821206092834,False,200,1.1984788923354395,3.1431208873193848,8.73496733694762,20.0,0
20260928T233456.687777Z,complete,development,checkpoint,4000,0.05,,,,cosine,graded,1,1,0.0,parallel,0,0,720,0.048803821206092834,False,200,0.7658652657959331,1.7495488246137545,6.486888256355994,20.0,0
20260928T233456.687777Z,complete,development,checkpoint,4000,0.05,,,,population,binary,1,1,0.5,future,0,0,720,0.04879513755440712,False,200,0.4830476439330396,1.362119827980252,5.431950979583606,20.0,0
20260928T233456.687777Z,complete,development,checkpoint,4000,0.05,,,,cosine,graded,1,1,0.5,future,0,0,720,0.04879513755440712,False,200,0.7862363324721247,1.7995759489401404,4.234046942672499,20.0,0
20260928T233904.630427Z,complete,development,checkpoint,4000,0.05,,,,lateralized,binary,1,1,0.0,parallel,0,0,400,0.04891437664628029,False,200,8.938573079512258,18.623418362499855,19.66879633584231,20.0,0
20260928T234740.142758Z,complete,development,checkpoint,4000,0.05,,,,lateralized,binary,1,1,0.0,parallel,0.0,0.0,400,0.04891437664628029,False,200,2.686269578584253,4.499598102556754,9.148961793395442,20.0,0
20260928T234957.609887Z,complete,development,checkpoint,4000,0.05,,,,sequential,binary,1,1,0.5,future,0.0,0.0,720,0.04879513755440712,False,200,1.1057473855979651,2.5148907575371853,6.926075722802379,20.0,0
20260928T234957.609887Z,complete,development,checkpoint,4000,0.05,,,,sequential,binary,2,1,0.5,future,0.0,0.0,738,0.049067411571741104,True,82,0.07119605355056123,0.17677008597569258,0.15991101753954487,8.200000000000001,0
20260928T234957.609887Z,complete,development,checkpoint,4000,0.05,,,,sequential,binary,3,1,0.5,future,0.0,0.0,738,0.04933773726224899,False,200,1.3219234743411017,2.7725074359038873,6.4054044298919415,20.0,0
20260928T235607.442400Z,complete,development,latency,8000,0.05,,,0.0,population,graded,1,1,0.0,parallel,0.0,0.0,720,0.05000000074505806,False,200,3.340371683409661,7.783083495065389,12.044368298822718,20.0,0
20260928T235607.442400Z,complete,development,latency,8000,0.05,,,0.0,cosine,graded,1,1,0.0,parallel,0.0,0.0,720,0.05000000074505806,True,80,0.03673641130668747,0.08989101414179576,0.11613986566544703,8.0,0
20260929T000030.976371Z,complete,development,latency,8000,0.05,,,0.0,population,binary,1,1,0.0,parallel,0.0,0.0,720,0.05000000074505806,True,110,0.16565474304050448,0.6714796736914631,0.15714671691860868,11.0,0
20260929T001219.190088Z,complete,development,latency,8000,0.05,1.0,0.0,0.0,population,binary,2,1,0.0,parallel,0.0,0.0,738,0.05000000074505806,False,200,1.58064229267534,3.497246500421349,5.6524175935471535,20.0,0
20260929T001219.190088Z,complete,development,latency,8000,0.05,1.0,0.0,0.0,population,binary,3,1,0.0,parallel,0.0,0.0,738,0.05000000074505806,True,121,0.3847880607826011,0.9737451197225919,0.16287919320582012,12.100000000000001,0
20260929T001219.190090Z,complete,development,latency,8000,0.05,1.0,1.0,1.0,population,binary,1,1,0.0,parallel,0.0,0.0,720,0.09621839970350266,True,118,0.24553143977716857,1.1566174110172749,0.12582467390648036,11.8,0
20260929T001219.190090Z,complete,development,latency,8000,0.05,1.0,1.0,1.0,population,binary,2,1,0.0,parallel,0.0,0.0,738,0.09553048759698868,False,200,2.060322808528594,3.3392432009497304,7.477572632201817,20.0,0
20260929T001219.190090Z,complete,development,latency,8000,0.05,1.0,1.0,1.0,population,binary,3,1,0.0,parallel,0.0,0.0,738,0.09543275833129883,True,87,0.08152126967158499,0.4051545829925542,0.13496938013217638,8.700000000000001,0
20260929T001243.028704Z,complete,development,latency,8000,0.05,1.0,0.0,0.0,population,binary,1,1,0.0,parallel,0.2,20.0,720,0.05000000074505806,False,200,0.417608175591717,0.959548315660169,5.628096556403844,20.0,0
20260929T001243.028704Z,complete,development,latency,8000,0.05,1.0,0.0,0.0,population,binary,1,1,0.5,future,0.2,20.0,720,0.05000000074505806,True,95,0.10853688236663367,0.5006563336336737,0.1728902076741901,9.5,0
20260929T001717.575853Z,stopped,development,latency,8000,0.05,1.0,0.0,0.0,prototype,graded,1,1,0.0,parallel,0.0,0.0,720,0.05000000074505806,False,200,4.849522979505867,12.057772010721743,13.985211062858857,20.0,0
20260929T002347.143969Z-60572,complete,development,latency,8000,0.05,1.0,0.0,0.0,population,binary,1,1,0.5,future,0.0,0.0,720,0.05000000074505806,False,200,0.5726407584648958,1.2650406146559883,4.608367838317007,20.0,0
20260929T002347.143969Z-60572,complete,development,latency,8000,0.05,1.0,0.0,0.0,population,binary,2,1,0.5,future,0.0,0.0,738,0.05000000074505806,False,200,0.8596092480581329,1.808145379847612,6.249679637907088,20.0,0
20260929T002347.143969Z-60572,complete,development,latency,8000,0.05,1.0,0.0,0.0,population,binary,3,1,0.5,future,0.0,0.0,738,0.05000000074505806,True,81,0.06663727295369094,0.18254230472178493,0.14072114732116178,8.1,0
20260929T002432.473955Z-60588,complete,development,latency,8000,0.05,1.0,1.0,1.0,population,binary,1,1,0.5,future,0.2,20.0,720,0.09603767096996307,True,93,0.18307440149268944,0.9023350524063303,0.1406776252350574,9.3,0
20260929T002432.473955Z-60588,complete,development,latency,8000,0.05,1.0,1.0,1.0,population,binary,2,1,0.5,future,0.2,20.0,738,0.0954190343618393,True,143,0.2753377372148228,0.860857643568817,0.12598260090426974,14.3,0
20260929T002432.473955Z-60588,complete,development,latency,8000,0.05,1.0,1.0,1.0,population,binary,3,1,0.5,future,0.2,20.0,738,0.0953272357583046,False,200,3.2719929408908,4.153428101775117,6.431811245195591,20.0,0
20260929T003016.503257Z-60684,complete,development,latency,8000,0.05,1.0,0.0,0.0,lateralized,binary,1,1,0.0,parallel,0.0,0.0,400,0.05000000074505806,False,200,6.612717608344303,10.606353998050244,15.90749758502958,20.0,0
20260929T003016.503257Z-60684,complete,development,latency,8000,0.05,1.0,0.0,0.0,lateralized,binary,2,1,0.0,parallel,0.0,0.0,410,0.05000000074505806,False,200,5.901282965563212,9.542083946961444,3.1397551170704516,20.0,0
20260929T003016.503257Z-60684,complete,development,latency,8000,0.05,1.0,0.0,0.0,lateralized,binary,3,1,0.0,parallel,0.0,0.0,410,0.05000000074505806,False,200,3.177814296289518,9.291582992736647,9.291582992736647,20.0,0
20260929T003113.070732Z-60699,complete,development,latency,8000,0.05,1.0,0.0,0.0,cosine,graded,2,1,0.0,parallel,0.0,0.0,738,0.05000000074505806,True,111,0.11082761045187108,0.4195405831120401,0.15690796730917614,11.100000000000001,0
20260929T003113.070732Z-60699,complete,development,latency,8000,0.05,1.0,0.0,0.0,cosine,graded,3,1,0.0,parallel,0.0,0.0,738,0.05000000074505806,True,81,0.04725578011640084,0.11446136149703488,0.12808202235712635,8.1,0
20260929T003646.622211Z-60797,complete,development,latency,8000,0.00725,1.0,1.0,1.0,population,binary,1,1,0.5,tangent,0.2,20.0,720,0.05069947987794876,False,200,4.297573375585346,9.72941981511263,11.271039012866737,20.0,0
20260929T003646.622211Z-60797,complete,development,latency,8000,0.00725,1.0,1.0,1.0,population,binary,2,1,0.5,tangent,0.2,20.0,738,0.04868851602077484,False,200,2.969816232231834,5.383029950727019,6.201352398668838,20.0,0
20260929T003646.622211Z-60797,complete,development,latency,8000,0.00725,1.0,1.0,1.0,population,binary,3,1,0.5,tangent,0.2,20.0,738,0.04866006225347519,False,200,1.0961163631675037,4.651906091884679,4.651906091884679,20.0,0
20260929T003646.622957Z-60796,complete,development,latency,8000,0.05,1.0,0.0,0.0,population,binary,1,1,0.5,tangent,0.0,0.0,720,0.05000000074505806,False,200,2.018836640592238,3.5832919568703194,5.917540419111933,20.0,0
20260929T003646.622957Z-60796,complete,development,latency,8000,0.05,1.0,0.0,0.0,population,binary,2,1,0.5,tangent,0.0,0.0,738,0.05000000074505806,True,183,1.0667952443190123,2.5766720600966044,0.19919199016365716,18.3,0
20260929T003646.622957Z-60796,complete,development,latency,8000,0.05,1.0,0.0,0.0,population,binary,3,1,0.5,tangent,0.0,0.0,738,0.05000000074505806,True,135,0.14753989516068722,0.6573984424285249,0.189220786017153,13.5,0
20260929T003912.660663Z-60823,complete,evaluation,latency,8000,0.05,1.0,0.0,0.0,cosine,graded,4,2,0.0,parallel,0.0,0.0,747,0.05000000074505806,True,112,0.1842398669013115,0.8972092478054102,0.1685510445968235,11.200000000000001,0
20260929T003912.660663Z-60823,complete,evaluation,latency,8000,0.05,1.0,0.0,0.0,cosine,graded,7,2,0.0,parallel,0.0,0.0,738,0.05000000074505806,False,200,2.408063326527378,3.9151766315575562,9.867985842482387,20.0,0
20260929T003912.660664Z-60824,complete,evaluation,latency,8000,0.05,1.0,0.0,0.0,cosine,graded,10,2,0.0,parallel,0.0,0.0,738,0.05000000074505806,True,81,0.027320501783005473,0.06315102959581219,0.138400549405599,8.1,0
20260929T003912.660664Z-60824,complete,evaluation,latency,8000,0.05,1.0,0.0,0.0,cosine,graded,13,2,0.0,parallel,0.0,0.0,783,0.05000000074505806,True,86,0.07092356202464031,0.12375040049081089,0.13271646997736966,8.6,0
20260929T004754.403692Z-61458,complete,development,latency,8000,0.00725,1.0,1.0,1.0,cosine,graded,1,1,0.0,parallel,0.0,0.0,720,0.05079999938607216,False,200,0.8843922490492873,2.2876912925357202,4.2877475072861015,20.0,0
20260929T004754.403692Z-61458,complete,development,latency,8000,0.00725,1.0,1.0,1.0,cosine,graded,2,1,0.0,parallel,0.0,0.0,738,0.04876168817281723,False,200,1.880580490164118,4.139177491463372,9.41281277370676,20.0,0
20260929T004754.403692Z-61458,complete,development,latency,8000,0.00725,1.0,1.0,1.0,cosine,graded,3,1,0.0,parallel,0.0,0.0,738,0.048547256737947464,True,81,0.022922265854222388,0.11466781361032469,0.16835765665928243,8.1,0
20260929T004821.273572Z-61520,complete,development,latency,8000,0.05,1.0,0.0,0.0,cosine,graded,1,1,0.0,parallel,0.2,20.0,720,0.05000000074505806,False,200,2.8661917175712603,5.60309393599245,11.727784911816535,20.0,0
20260929T004821.273572Z-61520,complete,development,latency,8000,0.05,1.0,0.0,0.0,cosine,graded,2,1,0.0,parallel,0.2,20.0,738,0.05000000074505806,False,200,2.8769968040677893,6.326287691317216,10.646326422887615,20.0,0
20260929T004821.273572Z-61520,complete,development,latency,8000,0.05,1.0,0.0,0.0,cosine,graded,3,1,0.0,parallel,0.2,20.0,738,0.05000000074505806,True,83,0.0762500931506046,0.20683727623510711,0.1257945502410125,8.3,0
20260929T004956.067653Z-61591,complete,development,latency,8000,0.00725,1.0,1.0,1.0,spike_overlap,binary,1,1,0.0,parallel,0.0,0.0,720,0.05079999938607216,False,200,1.9244138517882272,4.1788649232818855,6.291363249654097,20.0,0
20260929T004956.067653Z-61591,complete,development,latency,8000,0.00725,1.0,1.0,1.0,spike_overlap,binary,2,1,0.0,parallel,0.0,0.0,738,0.04876168817281723,False,200,1.7547193770917369,4.352553023408876,10.823851213652457,20.0,0
20260929T004956.067653Z-61591,complete,development,latency,8000,0.00725,1.0,1.0,1.0,spike_overlap,binary,3,1,0.0,parallel,0.0,0.0,738,0.048547256737947464,True,82,0.06091506031230332,0.185970672179617,0.15811013233710092,8.200000000000001,0
20260929T010005.837643Z-61778,complete,development,latency,8000,0.02825,0.1,1.0,1.0,cosine,graded,1,1,0.0,parallel,0.0,0.0,720,0.04942882061004639,False,200,0.8810950437626317,1.914065339925823,6.906150930007028,20.0,0
20260929T010005.837643Z-61778,complete,development,latency,8000,0.02825,0.1,1.0,1.0,spike_overlap,binary,1,1,0.0,parallel,0.0,0.0,720,0.04942882061004639,True,108,0.1529692329427506,0.7565724950103465,0.14594714272729384,10.8,0
20260929T010647.350226Z-62013,complete,development,latency,8000,0.05,1.0,0.0,0.0,cosine,graded,1,1,0.5,tangent,0.2,20.0,720,0.05000000074505806,True,83,0.0682283632140697,0.4039337549671526,0.1292843369336969,8.3,0
20260929T010647.350300Z-62014,complete,development,latency,8000,0.02825,0.1,1.0,1.0,cosine,graded,1,1,0.5,tangent,0.2,20.0,720,0.049363020807504654,False,200,0.7634177764949394,1.915403948037867,4.412678468645479,20.0,0
20260929T010804.191585Z-62052,complete,development,latency,8000,0.02825,0.1,1.0,1.0,spike_overlap,binary,2,1,0.0,parallel,0.0,0.0,738,0.0490313358604908,True,103,0.08505274487304466,0.37144556435707254,0.19291254650925538,10.3,0
20260929T010804.191585Z-62052,complete,development,latency,8000,0.02825,0.1,1.0,1.0,spike_overlap,binary,3,1,0.0,parallel,0.0,0.0,738,0.04919783025979996,True,116,0.34837763555983753,1.2954250031392114,0.16958614772417632,11.600000000000001,0
20260929T011131.109580Z-62092,complete,development,latency,8000,0.02825,0.1,1.0,1.0,spike_overlap,binary,1,1,0.5,tangent,0.2,20.0,720,0.049363020807504654,False,200,3.620274391270268,6.662390749129025,11.83079255127484,20.0,0
20260929T011500.321299Z-62148,complete,evaluation,latency,8000,0.02825,0.1,1.0,1.0,spike_overlap,binary,5,2,0.0,parallel,0.0,0.0,747,0.04966415837407112,True,82,0.04105013343687281,0.16955332788614086,0.14898738030476005,8.200000000000001,0
20260929T011500.321299Z-62148,complete,evaluation,latency,8000,0.02825,0.1,1.0,1.0,spike_overlap,binary,8,2,0.0,parallel,0.0,0.0,711,0.04956592991948128,False,200,0.37388633785642256,1.1602080911110342,3.447660404238091,20.0,0
20260929T011500.321299Z-62149,complete,evaluation,latency,8000,0.02825,0.1,1.0,1.0,spike_overlap,binary,11,2,0.0,parallel,0.0,0.0,693,0.04918939247727394,True,76,0.034102029538559675,0.09367573381403639,0.1294983000211421,7.6000000000000005,0
20260929T011500.321299Z-62149,complete,evaluation,latency,8000,0.02825,0.1,1.0,1.0,spike_overlap,binary,14,2,0.0,parallel,0.0,0.0,729,0.04960734024643898,True,80,0.012952435393953136,0.03549195333285308,0.110574861029459,8.0,0
